batter,batter_id,pa,xwoba,xba,xslg,avg_ev,hardhit_rate,batter_score
Aaron Judge,592450,99,0.6376709333840961,0.5032545988601205,1.2762510796159225,90.88181818181819,0.12121212121212122,2.2892204991250846
Adam Frazier,624428,83,0.23494969999999998,0.21131250000000001,0.2791875,80.778125,0.024096385542168676,-0.6689462137915487
Addison Barger,680718,88,0.38659942857142854,0.35095384615384617,0.6171641025641025,82.4962962962963,0.07954545454545454,0.44249684249901594
Adley Rutschman,668939,57,0.25426417647058824,0.19433333333333336,0.24225,76.55499999999999,0.07017543859649122,-0.6208112914812067
Adolis García,666969,60,0.37463127922077927,0.3380451739618406,0.8635589225589225,87.03529411764706,0.05,0.6042045383521566
Adrian Del Castillo,680728,45,0.5421001729323308,0.463781015037594,1.0973828320802006,81.03636363636363,0.06666666666666667,1.3354309992751536
Agustín Ramírez,682663,88,0.2010712857142857,0.25807142857142856,0.32457142857142857,83.61818181818182,0.07954545454545454,-0.4551385079130858
Alec Bohm,664761,92,0.42095211786600495,0.4500605571847507,0.628483137829912,88.55499999999999,0.17391304347826086,1.1314636050842912
Alec Burleson,676475,52,0.2909685625,0.3434166666666667,0.43416666666666665,90.95,0.1346153846153846,0.39720166367053844
Alejandro Kirk,672386,97,0.4702300117261545,0.4498521164213215,0.9958147094172211,85.1975,0.13402061855670103,1.3376418933747205
Alejandro Osuna,696030,78,0.28987979365079364,0.295885989010989,0.5238585164835166,82.42592592592592,0.05128205128205128,-0.09791460549953863
Alek Thomas,677950,50,0.232125,0.38970000000000005,0.4447,81.65882352941176,0.04,-0.3318669435093656
Alex Bregman,608324,72,0.28966561344537817,0.2884725501770956,0.47600177095631646,86.11818181818181,0.125,0.2028274618373244
Alex Call,669743,30,0.2637852857142858,0.23475000000000001,0.45425000000000004,83.85714285714286,0.03333333333333333,-0.305114569805759
Alex Jackson,656577,18,0.0,0.3088236077868225,0.5274441007943793,89.15,0.05555555555555555,-0.8785523280980828
Alexander Canario,672744,50,0.1710909090909091,0.35525,0.7735,74.14285714285714,0.06,-0.49738923906073973
Amed Rosario,642708,17,0.06325,0.238,0.268,77.60000000000001,0.058823529411764705,-1.2326551899075728
Andrew Knizner,668800,26,0.3724277142857143,0.2258,0.348,79.26666666666667,0.11538461538461539,0.11366757826595934
Andrew McCutchen,457705,67,0.2880935625,0.33725,0.411,83.75652173913043,0.08955223880597014,0.01169379026224258
Andrew Vaughn,683734,57,0.41262065263157893,0.46672631578947366,0.6533157894736842,91.36666666666666,0.10526315789473684,0.9996742282918907
Andruw Monasterio,655316,36,0.15637500000000001,0.22039999999999998,0.36219999999999997,82.2,0.05555555555555555,-0.7334306778719131
Andrés Chaparro,665953,11,0.0,0.3088236077868225,0.5274441007943793,83.75,0.0,-1.2129486888159886
Andrés Giménez,665926,55,0.23199962500000001,0.2081818181818182,0.2591818181818182,80.86190476190475,0.07272727272727272,-0.5396151493959064
Andy Ibáñez,628451,69,0.39140568750000004,0.3942727272727273,0.4805454545454545,81.02592592592592,0.057971014492753624,0.28811758956987826
Andy Pages,681624,101,0.27980629812865493,0.36344408640649245,0.699702160908223,80.56764705882354,0.06930693069306931,0.05238592436783806
Angel Martínez,682657,61,0.17711906666666666,0.12783333333333333,0.14491666666666667,76.976,0.0,-1.22430514812393
Anthony Santander,623993,62,0.22923216666666665,0.361,0.4065,75.56470588235294,0.04838709677419355,-0.5459654796327366
Anthony Volpe,683011,102,0.24867678669815033,0.2606863483575248,0.49446026483320604,83.6861111111111,0.06862745098039216,-0.19998306252836887
Austin Hays,669720,5,0.021,0.013,0.036,94.8,0.0,-1.4184203258741845
Austin Hedges,595978,34,0.443062125,0.5828,0.7542,84.43333333333334,0.11764705882352941,1.1122300280921396
Austin Martin,668885,80,0.31254704093567254,0.27519791666666665,0.47748582175925924,77.20322580645161,0.075,-0.14816671550415852
Austin Slater,596103,6,0.0245,0.046,0.046,83.0,0.0,-1.7171768711696693
Austin Wells,669224,59,0.30310273224043716,0.5036905737704919,0.8279323770491804,86.83636363636364,0.15254237288135594,0.7921590497825433
Ben Rice,700250,86,0.4804601041353383,0.35766752543122515,0.795605047545334,85.825,0.10465116279069768,1.0773989058219489
Ben Rortvedt,666163,60,0.24716140601503758,0.2231988304093567,0.33651461988304093,79.51176470588236,0.05,-0.5309084084828892
Billy McKinney,641856,55,0.31944939271255063,0.28683400809716597,0.475336032388664,82.5,0.07272727272727272,0.03252337579951835
Blaine Crim,688760,89,0.30091662274509806,0.4429346405228758,0.7641650326797386,86.11818181818181,0.06741573033707865,0.396548164713721
Blake Perkins,663368,18,0.32233333333333336,0.39180000000000004,0.4224,76.23333333333333,0.0,-0.3189499881484795
Blaze Alexander,677942,70,0.363677513283208,0.45583051378446116,0.8457384085213033,85.52105263157895,0.08571428571428572,0.7234882692449256
Bo Naylor,666310,53,0.279981458692185,0.30735358851674643,0.5268885167464115,78.35454545454546,0.09433962264150944,-0.10340852994740168
Bob Seymour,676044,77,0.2157643529411765,0.314,0.353,76.38636363636364,0.025974025974025976,-0.7178372631045115
Bobby Witt Jr.,677951,90,0.3720165101305452,0.3472317997791682,0.5231704392099129,85.74651162790697,0.15555555555555556,0.6581716862992871
Brady House,691781,43,0.15394970000000002,0.1381666666666667,0.18133333333333332,83.87857142857142,0.06976744186046512,-0.8464584565388944
Brandon Lowe,664040,76,0.318804160326087,0.3758,0.6729826086956522,80.60454545454546,0.06578947368421052,0.1692490756888385
Brandon Marsh,669016,75,0.296318974789916,0.5087755102040816,0.6898775510204082,81.435,0.06666666666666667,0.24473182270378635
Brandon Nimmo,607043,95,0.31288654666666665,0.34484166666666666,0.4690666666666667,85.58709677419354,0.09473684210526316,0.21549247134859578
Braxton Fulford,690924,27,0.13021385714285716,0.1015,0.11000000000000001,70.325,0.0,-1.6295609637052895
Brayan Rocchio,677587,84,0.3292984611111111,0.3825496031746032,0.6116130952380952,79.5516129032258,0.09523809523809523,0.23028157950043784
Brendan Donovan,680977,35,0.3505,0.3680412698412699,0.7252507936507936,88.23846153846154,0.17142857142857143,0.8680682963705635
Brent Rooker,667670,78,0.2612625263157895,0.28775,0.33875,79.61764705882354,0.01282051282051282,-0.5395355194913687
Brenton Doyle,686668,73,0.22000916666666667,0.23051333333333332,0.43350666666666665,85.25217391304348,0.0958904109589041,-0.23624708753845888
Brett Baty,683146,30,0.29144444444444445,0.31648496240601504,0.5719924812030074,82.94545454545454,0.1,0.12883092382572198
Brett Harris,695391,89,0.22575946828609986,0.2943760683760684,0.444034188034188,80.70454545454545,0.07865168539325842,-0.34200124056163905
Brett Wisely,689172,45,0.3029434444444445,0.354,0.3875,79.94545454545454,0.0,-0.3344622026332899
Brian Navarreto,640459,13,0.39558482142857126,0.3328392857142857,0.959053571428572,85.28571428571429,0.23076923076923078,1.261051806550101
Brice Matthews,694728,26,0.3246515151515152,0.3247318181818182,0.8258,81.425,0.07692307692307693,0.31325562154145886
Brice Turang,668930,92,0.3892669694041868,0.3975249597423511,0.6464995974235105,86.44347826086957,0.07608695652173914,0.6174845075499533
Brooks Baldwin,681460,76,0.39904128612337464,0.3816537714234496,1.050122139293927,82.42222222222223,0.10526315789473684,0.8981303945900874
Brooks Lee,686797,82,0.1912062592853371,0.16717265075644575,0.3037649691029193,83.95454545454545,0.10975609756097561,-0.4767198414216163
Bryan Reynolds,668804,81,0.4157994212962963,0.39003858024691357,0.6275061728395062,91.4,0.13580246913580246,1.0241423270781451
Bryce Eldridge,805811,61,0.2934165717171717,0.2729747474747475,0.7088333333333333,82.26470588235294,0.04918032786885246,0.014359525323084807
Bryce Harper,547180,69,0.267374625,0.3025,0.3593,83.60909090909091,0.07246376811594203,-0.1851007312209475
Bryce Johnson,669369,35,0.3366289,0.31677777777777777,0.4036666666666667,79.20625,0.08571428571428572,0.011487587975788818
Bryce Teodosio,669326,60,0.27876212499999997,0.246205,0.45328999999999997,80.02941176470588,0.06666666666666667,-0.2508257382876597
Bryson Stott,681082,99,0.2803809523809524,0.3175625,0.5556388888888889,81.06923076923077,0.06060606060606061,-0.09999388852231474
Byron Buxton,621439,79,0.4026326136363636,0.375359423076923,1.0830060027472528,86.90833333333335,0.10126582278481013,1.047497278522661
CJ Abrams,682928,79,0.2611104632034632,0.29023766233766235,0.4945045454545455,84.90689655172415,0.06329113924050633,-0.11249236306185306
CJ Kayfus,692216,37,0.3954126363636364,0.3822484375,0.6910078125,84.45714285714287,0.16216216216216217,0.8714275262531159
Cal Raleigh,663728,89,0.4107356963562753,0.46036035087719296,1.0055080701754384,86.153125,0.10112359550561797,1.0711349337098461
Caleb Durbin,702332,54,0.232598625,0.19774999999999998,0.224,79.20555555555556,0.037037037037037035,-0.7330576726407403
Cam Devanney,687478,15,0.4601656666666667,0.754,0.826,86.3,0.0,1.0519194344517155
Cam Smith,701358,61,0.14673492857142856,0.14200000000000002,0.1748888888888889,75.7625,0.03278688524590164,-1.2280555353685803
Carlos Correa,621043,94,0.4306104444444444,0.39284615384615384,0.49953846153846154,85.52962962962964,0.09574468085106383,0.6880880363316523
Carlos Cortes,666126,53,0.26766666666666666,0.3156,0.4264,84.48823529411764,0.07547169811320754,-0.08994237791830854
Carlos Narváez,665966,65,0.3254387596899225,0.3330639534883721,0.6397093023255814,84.60833333333333,0.07692307692307693,0.2847007141737661
Carlos Santana,467793,5,0.574,0.3075,1.112,79.15,0.2,1.6888258186184257
Carson Kelly,608348,60,0.21828941628959275,0.23431048951048952,0.43576923076923074,80.72500000000001,0.1,-0.3572120658877899
Carson McCusker,676812,53,0.14543912121212121,0.2382222222222222,0.4607777777777778,83.5625,0.07547169811320754,-0.5831168950832738
Carson Williams,700246,81,0.13839457894736842,0.2435,0.29225,83.12222222222222,0.07407407407407407,-0.7397933993213499
Carter Jensen,695600,98,0.3767650867768595,0.3271463636363636,0.6429175757575758,83.96666666666667,0.07142857142857142,0.42363721593236525
Carter Kieboom,666198,21,0.2678,0.2758,0.3468,82.83,0.14285714285714285,-0.015433385487879842
Casey Schmitt,669477,47,0.40821458333333327,0.37435416666666665,0.7893395833333334,87.12222222222222,0.14893617021276595,1.0150719689131713
Ceddanne Rafaela,678882,85,0.33242746116685246,0.3229890229596112,0.5233856209150327,79.38148148148149,0.07058823529411765,0.04435766557917491
Cedric Mullins,656775,20,0.2519994,0.11153333333333333,0.3561,82.66666666666667,0.1,-0.34534796649204574
Chandler Simpson,802415,68,0.3094736842105263,0.32505555555555554,0.37444444444444447,82.11851851851851,0.07352941176470588,-0.04936837750854848
Chase Meidroth,805367,92,0.21051851851851852,0.2624347826086956,0.30917391304347824,81.64594594594595,0.09782608695652174,-0.4295500034075364
Chris Taylor,621035,35,0.14427744444444446,0.1485,0.17750000000000002,78.81666666666666,0.0,-1.243300174830353
Christian Koss,683766,44,0.3641272954545455,0.2633203125,0.4876484375,80.05,0.06818181818181818,0.08965622756745682
Christian Moore,695681,110,0.2756084347826087,0.39384615384615385,0.4715384615384615,84.9076923076923,0.07272727272727272,0.04048245052696374
Christian Vázquez,543877,53,0.3499346561403509,0.31469473684210525,0.43388947368421055,83.6625,0.05660377358490566,0.11588726392167285
Christian Walker,572233,80,0.4614370668070668,0.3944143234793235,0.8959226658151658,85.61818181818182,0.1625,1.291210352630238
Christian Yelich,592885,94,0.22682547826086957,0.1971966666666667,0.3979066666666667,84.58235294117648,0.05319148936170213,-0.42133597861972494
Christopher Morel,666624,39,0.3758977,0.37701142857142855,0.6795085714285714,87.46666666666667,0.15384615384615385,0.8531103119059616
Coby Mayo,691723,58,0.43308042232277527,0.31981,0.7671165384615385,81.84285714285714,0.10344827586206896,0.7396730449628066
Cody Bellinger,641355,104,0.3488454615384615,0.29794117647058826,0.3521764705882353,80.66060606060607,0.04807692307692308,-0.0753133060458551
Cody Freeman,683227,76,0.19833333333333336,0.3399090909090909,0.38863636363636367,74.72,0.013157894736842105,-0.8202385606067962
Colby Thomas,687515,56,0.22510692857142858,0.4824,0.6424,82.17692307692307,0.03571428571428571,-0.13475246836508303
Cole Young,702284,42,0.2606612828282828,0.21853030303030305,0.42683333333333323,81.36,0.023809523809523808,-0.45277258356779904
Colson Montgomery,695657,98,0.47662814075815396,0.45838400189959494,1.1035621734666718,86.78823529411765,0.14285714285714285,1.5181945504146517
Colton Cowser,681297,106,0.31658558067689885,0.3100737898465171,0.7524494293585202,80.45384615384616,0.03773584905660377,0.0681218483947976
Connor Kaiser,663731,17,0.0,0.3088236077868225,0.5274441007943793,88.35,0.0,-1.077929950939882
Connor Norby,681393,84,0.3386829134199134,0.3249059523809524,0.6107452380952381,81.25333333333333,0.05952380952380952,0.14952145166512026
Connor Wong,657136,23,0.3108323333333333,0.253,0.28500000000000003,72.56666666666666,0.043478260869565216,-0.5455088590822424
Corbin Carroll,682998,81,0.31982282352941177,0.328125,0.36675,78.5142857142857,0.024691358024691357,-0.27671424403648215
Corey Julks,667452,16,0.15945,0.1284583333333333,0.3503958333333334,81.92,0.0625,-0.7964125615963111
Curtis Mead,678554,41,0.1727777777777778,0.2615,0.327,75.13571428571429,0.0,-1.0494088947322753
DaShawn Keirsey Jr.,680577,4,0.0,0.225,0.239,48.15,0.0,-2.5343689749811236
Dalton Rushing,687221,55,0.3885861607142857,0.3804539772727273,0.8042710227272726,87.56666666666666,0.12727272727272726,0.9072903008191759
Daniel Schneemann,682177,61,0.13824978571428573,0.1725714285714286,0.22485714285714284,82.7,0.06557377049180328,-0.8883452900896079
Danny Jansen,643376,62,0.5909645557929725,0.5683218557098765,1.074878375771605,83.7764705882353,0.06451612903225806,1.6524237737116354
Dansby Swanson,621020,104,0.3615581257253385,0.2874607380319149,0.5726961103723405,86.88181818181818,0.08653846153846154,0.4204231269038673
Darell Hernaiz,687231,55,0.2657894736842105,0.32,0.3778235294117647,77.71923076923078,0.07272727272727272,-0.3344680860989832
Daulton Varsho,662139,70,0.26117999391912433,0.303696750308515,0.5270603455368161,85.78214285714286,0.11428571428571428,0.10953867132216663
David Fry,681807,14,0.02766666666666667,0.096,0.098,83.2,0.07142857142857142,-1.394332455335287
David Hamilton,666152,39,0.2382367940379404,0.3380081300813009,0.8278699186991871,78.61,0.05128205128205128,-0.13732599031858597
Davis Schneider,676914,52,0.29259009090909094,0.23579999999999995,0.2908,84.84166666666667,0.019230769230769232,-0.3359196957909685
Daylen Lile,695734,63,0.38767683572567785,0.3967676262626263,0.6359617676767677,82.93333333333332,0.09523809523809523,0.5614566355419464
Denzer Guzman,694203,59,0.1859375,0.399875,0.442375,80.59285714285714,0.05084745762711865,-0.48187167809894016
Derek Hill,656537,22,0.309161125,0.3504,0.4102,83.96363636363637,0.045454545454545456,-0.03805259756656579
Dillon Dingler,693307,79,0.3565882714285714,0.45362142857142856,0.66145,83.66521739130435,0.08860759493670886,0.5210864309222153
Dominic Canzone,686527,71,0.388346836337419,0.3752324826049141,0.8304997214068276,81.492,0.08450704225352113,0.6068551475948767
Dominic Fletcher,666150,50,0.388982504608295,0.3364255583126551,0.5320483870967742,85.30909090909091,0.14,0.6519146879746185
Donovan Solano,456781,9,0.14233333333333334,0.403,0.613,97.2,0.1111111111111111,0.16879003941686238
Drake Baldwin,686948,83,0.2781999152148665,0.2541461781358885,0.5350820176393728,82.68846153846154,0.07228915662650602,-0.09213085769028023
Drew Gilbert,687551,49,0.27223216666666666,0.235,0.29275,78.65,0.061224489795918366,-0.45459893510248595
Dylan Beavers,687637,105,0.3033598035982009,0.2968943965517241,0.6669700670498084,80.68709677419355,0.02857142857142857,-0.07182129215393944
Dylan Carlson,666185,14,0.24583233333333335,0.041,0.041,68.4,0.0,-1.3860575318332629
Dylan Crews,686611,47,0.1967497857142857,0.22999999999999998,0.2668888888888889,83.47647058823529,0.0425531914893617,-0.6564207976989602
Dylan Moore,664238,24,0.22154816666666666,0.212,0.2416666666666667,79.71666666666667,0.041666666666666664,-0.7169443440390393
Edgar Quero,700337,85,0.20113988,0.25070000000000003,0.29359999999999997,84.32068965517242,0.11764705882352941,-0.3419336413134003
Edmundo Sosa,624641,44,0.38302153846153847,0.2939172222222222,0.6890486868686869,83.79130434782608,0.18181818181818182,0.7938177283227815
Edouard Julien,666397,51,0.3453550913169266,0.3342992309382553,0.8750823053018175,82.11875,0.09803921568627451,0.5154201234712338
Eli White,642201,14,0.6950000000000001,0.8802413793103447,2.323862068965517,82.55,0.07142857142857142,3.1524157604837177
Elias Díaz,553869,4,0.4486052631578947,0.5583157894736841,1.6347894736842106,110.35,0.5,3.7057705949353816
Elly De La Cruz,682829,99,0.3454723653846154,0.34140671296296293,0.6250356481481482,88.12962962962963,0.1111111111111111,0.5625437206079272
Enrique Hernández,571771,78,0.295656015037594,0.3479081632653061,0.5966556122448979,82.98125,0.0641025641025641,0.07532529688557743
Eric Wagaman,676572,53,0.294508547008547,0.3506288888888889,0.5496977777777777,84.79545454545455,0.1320754716981132,0.3088671401122338
Ernie Clement,676391,71,0.2941760874125874,0.2562330769230769,0.40716692307692304,82.19354838709677,0.07042253521126761,-0.14602907982596244
Eugenio Suárez,553993,109,0.24969666666666668,0.3647669871794872,0.7887500000000001,84.121875,0.09174311926605505,0.18758290120978333
Everson Pereira,677592,5,0.0265,0.051,0.055,72.8,0.0,-1.9989537556835233
Ezequiel Duran,677649,61,0.27762554112554116,0.2966190476190476,0.4443546365914788,86.008,0.11475409836065574,0.10997821418531224
Ezequiel Tovar,678662,74,0.2504173913043478,0.333525,0.5382583333333333,79.48064516129033,0.05405405405405406,-0.26986302909747056
Fernando Tatis Jr.,665487,38,0.49198719999999996,0.375,1.3362708333333335,83.4,0.07894736842105263,1.3628904550472258
Francisco Alvarez,682626,80,0.3691499507640068,0.37771655913978497,0.8236395698924731,86.79444444444444,0.0875,0.7026741026912505
Francisco Lindor,596019,109,0.451064420303451,0.35653323690431754,0.7336609231411864,85.26666666666667,0.09174311926605505,0.8733328119295853
Freddie Freeman,518692,69,0.41183226315789473,0.2895117521367521,0.6622903311965811,83.23913043478261,0.08695652173913043,0.55441939171545
Freddy Fermin,666023,76,0.12736000986842105,0.12784210526315787,0.2815263157894737,81.99285714285715,0.06578947368421052,-0.9444741642324361
Gabriel Arias,672356,102,0.19369290909090908,0.25495,0.41318124999999994,79.571875,0.06862745098039216,-0.5739431799972906
Gabriel Moreno,672515,110,0.27297686363636364,0.3434166666666667,0.42250000000000004,81.44074074074075,0.05454545454545454,-0.20608191696813893
Garrett Stubbs,596117,4,0.044,0.038,0.043,78.66666666666667,0.25,-0.9942213222180487
Gavin Lux,666158,59,0.3404558518518519,0.34646944444444444,0.49688055555555555,86.46666666666667,0.11864406779661017,0.4337147647995867
Gavin Sheets,657757,94,0.3408314073170732,0.3353140243902439,0.4647881097560976,85.31379310344828,0.13829787234042554,0.4310691650289686
George Springer,543807,115,0.4524288344477283,0.4614703032970718,0.7634126663732209,82.57692307692308,0.08695652173913043,0.8952659769373911
George Valera,671655,55,0.234648705400982,0.2489734042553191,0.46952127659574466,83.51666666666667,0.05454545454545454,-0.3259311836025957
Geraldo Perdomo,672695,118,0.33822789806107045,0.379760017598856,0.5965291866028708,82.4972972972973,0.0847457627118644,0.3013983795890521
Giancarlo Stanton,519317,96,0.44133330555555556,0.4436621794871795,1.1546108974358975,87.08076923076922,0.09375,1.2724336300637384
Gleyber Torres,650402,100,0.09772727272727272,0.1682857142857143,0.19278571428571428,81.65625,0.03,-1.1985439196240182
Graham Pauley,688363,28,0.2959994,0.2377142857142857,0.2978571428571429,76.27777777777777,0.03571428571428571,-0.5166275885295204
Grant McCray,687529,22,0.40299850000000004,0.203,0.229,90.84,0.09090909090909091,0.37794292494338627
Griffin Conine,665052,58,0.19976666666666668,0.3035555555555556,0.4632777777777778,83.83076923076922,0.05172413793103448,-0.4040999028396001
Gunnar Henderson,683002,103,0.32143202095238094,0.29276124338624343,0.4614371693121693,84.41052631578947,0.10679611650485436,0.19858801615171304
Ha-Seong Kim,673490,84,0.22032485,0.2512666666666667,0.31506666666666666,82.27499999999999,0.08333333333333333,-0.4283928368455294
Harrison Bader,664056,71,0.08847619047619047,0.13846153846153847,0.18007692307692305,84.13076923076923,0.07042253521126761,-1.0646569215323192
Harry Ford,695670,19,0.36215625000000007,0.5189374999999999,1.2426093749999998,92.02000000000001,0.15789473684210525,1.4730273594723367
Heliot Ramos,671218,66,0.356352670995671,0.2985940992070809,0.6341476673427991,82.22222222222223,0.10606060606060606,0.38053780517562025
Henry Davis,680779,41,0.3521319230769231,0.32652615384615385,0.8021223931623931,88.06428571428572,0.12195121951219512,0.7307502185989307
Heriberto Hernández,681715,78,0.31652568421052635,0.2646,0.48352500000000004,82.23200000000001,0.0641025641025641,-0.02610044355307619
Hunter Feduccia,676439,84,0.22515641269841272,0.3233080357142857,0.4610982142857143,77.6423076923077,0.03571428571428571,-0.5329522832691007
Hunter Goodman,696100,96,0.23698493597014927,0.2238354218490879,0.462941490464345,83.21666666666667,0.08333333333333333,-0.26176516441071135
Hyeseong Kim,808975,32,0.23752436647173492,0.32451228070175436,0.6825403508771929,78.35555555555555,0.0625,-0.22634778597899996
Ian Happ,664023,105,0.27726060869565217,0.36543589743589744,0.5227692307692308,87.7375,0.09523809523809523,0.21242608625461978
Ildemaro Vargas,545121,88,0.3693851590909091,0.3766111111111111,0.48929513888888887,86.63076923076923,0.10227272727272728,0.5075525627543759
Isaac Collins,686555,25,0.3602551428571429,0.35033333333333333,0.5083333333333333,88.2,0.08,0.4423347044968739
Isaac Paredes,670623,79,0.2568405294117647,0.29507692307692307,0.3569230769230769,84.16153846153846,0.08860759493670886,-0.16236688589537035
Isiah Kiner-Falefa,643396,21,0.1844,0.22025,0.3155,85.99,0.09523809523809523,-0.43259243017236676
Iván Herrera,671056,79,0.3384599026812314,0.3412383744557329,0.5775989550072569,83.10370370370372,0.08860759493670886,0.28569371286605566
J.P. Crawford,641487,75,0.273249625,0.32680000000000003,0.3675,78.168,0.04,-0.40051566972999814
J.T. Realmuto,592663,50,0.23583313333333333,0.32033333333333336,0.37722222222222224,85.85882352941177,0.1,-0.11322376293637863
JJ Bleday,668709,30,0.35641616161616163,0.39747012987012986,0.6962935064935066,87.02727272727272,0.1,0.6316597729740362
Jac Caglianone,695506,43,0.1861497,0.24820000000000003,0.3012,76.86,0.023255813953488372,-0.9085176046676497
Jack Suwinski,669261,54,0.2737303202764977,0.25071612903225804,0.46380967741935486,83.94117647058823,0.07407407407407407,-0.11866972367698407
Jackson Chourio,694192,105,0.4064780560146924,0.44174640280354566,0.8636535559678418,79.71463414634147,0.08571428571428572,0.7020632705074438
Jackson Holliday,702616,72,0.289323,0.2126923076923077,0.2786923076923077,81.38636363636364,0.05555555555555555,-0.36210740499840005
Jackson Merrill,701538,76,0.3317814340958606,0.3113065359477124,0.6005773488562092,84.5875,0.13157894736842105,0.432691360481103
Jacob Melton,689200,18,0.38962425,0.446,0.5545,87.8,0.1111111111111111,0.7459062216254204
Jacob Wilson,805779,73,0.2360472834008097,0.18137278106508875,0.2527455621301775,82.71578947368421,0.0410958904109589,-0.5989241245127644
Jacob Young,696285,47,0.40012886666666664,0.5984833333333334,0.9152249999999998,81.44666666666667,0.10638297872340426,0.9676300462634702
Jahmai Jones,663330,38,0.5512497272727273,0.523640625,1.067046875,92.00833333333333,0.15789473684210525,2.008011575906021
Jake Bauers,641343,50,0.4019461153846154,0.22072802197802197,0.4775155677655678,81.58333333333333,0.06,0.1960992222192055
Jake Burger,669394,39,0.18704530769230768,0.1800875,0.3081750000000001,81.64999999999999,0.07692307692307693,-0.6485157954008139
Jake Cronenworth,630105,64,0.30528083431952663,0.378625,0.5744615384615385,86.1842105263158,0.109375,0.35673178999627475
Jake Mangum,663968,89,0.2695373790334798,0.274230006148801,0.4688509940561591,81.07000000000001,0.056179775280898875,-0.2503503728694437
Jake McCarthy,664983,64,0.32974358974358975,0.31056410256410255,0.6142820512820512,77.54642857142858,0.046875,-0.04015323887046443
Jake Meyers,676694,23,0.1436424285714286,0.059399999999999994,0.0912,78.9375,0.0,-1.379722001850693
Jake Rogers,668670,12,0.08625,0.2,0.22049999999999997,79.46666666666665,0.0,-1.350687091867196
Jakob Marsee,805300,87,0.287839989769821,0.2270032169117647,0.44478940716911763,78.17058823529412,0.05747126436781609,-0.3255542459080807
James McCann,543510,66,0.27329012345679016,0.3208983855650522,0.5198594491927826,80.84736842105262,0.07575757575757576,-0.10561207674167157
James Outman,681546,80,0.1967939411764706,0.1892887931034483,0.5639698275862068,82.2909090909091,0.0625,-0.4523680133798449
James Wood,695578,78,0.5535207806637806,0.5257877886002886,1.348684163059163,91.83913043478262,0.1282051282051282,2.118365801740071
Jared Triolo,669707,92,0.208785864764268,0.2558235294117647,0.3782049335863378,83.84814814814816,0.06521739130434782,-0.4309235103037129
Jared Young,676724,4,0.0,0.3088236077868225,0.5274441007943793,89.9,0.0,-1.0324345066555414
Jarren Duran,680776,75,0.2470453941093969,0.25346658986175113,0.441044930875576,73.93928571428572,0.05333333333333334,-0.5842146305643996
Javier Báez,595879,70,0.20950240384615385,0.3030346153846154,0.4741846153846153,75.66333333333334,0.05714285714285714,-0.5856313649405813
Javier Sanoja,691594,31,0.19392890000000002,0.15925,0.179375,82.61538461538461,0.06451612903225806,-0.7447898541698493
Jazz Chisholm Jr.,665862,56,0.2959286975308642,0.2661386574074074,0.48324884259259254,90.62352941176471,0.125,0.3427204271919959
Jeff McNeil,643446,64,0.3812117944862155,0.42451648351648347,0.613956043956044,80.28260869565217,0.109375,0.5142552176403491
Jerar Encarnacion,666464,6,0.178,0.1355,0.299,87.8,0.0,-0.7877527797319774
Jeremiah Jackson,669236,49,0.18995716666666665,0.20446666666666669,0.49733333333333335,89.1875,0.061224489795918366,-0.3118628245401073
Jesús Sánchez,660821,66,0.1835904761904762,0.29438690476190477,0.5191041666666667,78.66,0.015151515151515152,-0.6960763911632938
Jhonkensy Noel,678877,41,0.25682545757575753,0.2549621212121212,0.89725,93.38333333333333,0.07317073170731707,0.40783175497056323
Jimmy Crooks,699625,48,0.361085020242915,0.5014736842105263,0.892638157894737,82.77000000000001,0.08333333333333333,0.698692050072284
Jo Adell,666176,84,0.2892880381192881,0.2877671929377812,0.6836694041252865,85.13125,0.13095238095238096,0.33796659919951905
Joc Pederson,592626,55,0.1910998,0.2657777777777778,0.31122222222222223,80.55625,0.05454545454545454,-0.6615779196026007
Joey Bart,663698,41,0.3792006070381231,0.5069838709677419,0.8623333333333334,80.95833333333333,0.07317073170731707,0.6594182325365798
Joey Loperfido,694388,3,0.234,0.22,0.23,66.5,0.0,-1.1950125795241047
Joey Ortiz,687401,44,0.25284761904761904,0.2922031746031746,0.4697238095238095,81.86923076923077,0.06818181818181818,-0.23069423196857192
Joey Wiemer,686894,16,0.27399999999999997,0.871,1.002,85.1,0.0625,0.794351440744446
John Rave,670231,51,0.1544497,0.16,0.1712,73.82857142857142,0.0392156862745098,-1.2248523271671485
Johnathan Rodríguez,671286,24,0.6844165098039217,0.5504431372549019,1.0669960784313726,91.66666666666667,0.125,2.378615274846132
Jonah Heim,641680,47,0.18384615384615385,0.2856666666666666,0.33322222222222225,81.37,0.0851063829787234,-0.5333945756422704
Jonathan Aranda,666018,54,0.3919432020727528,0.4304320987654321,1.0869822099532247,86.88,0.05555555555555555,0.9150411866134192
Jonathan India,663697,25,0.18842857142857142,0.15047894736842105,0.48938947368421043,78.25,0.04,-0.7574456101697165
Jordan Beck,687597,89,0.2580597393610887,0.3365858079403075,0.8111794602229841,78.40588235294118,0.06741573033707865,-0.03654882830987017
Jordan Lawlar,691783,27,0.25164242857142854,0.36233333333333334,0.45333333333333337,79.825,0.037037037037037035,-0.34480510843118284
Jordan Walker,691023,70,0.3831704331983805,0.38230304487179484,0.7813981570512821,88.11052631578947,0.11428571428571428,0.8487346918907498
Jordan Westburg,676059,83,0.3488283090909091,0.3294873106060606,0.6453307088744589,86.81290322580645,0.12048192771084337,0.5693373231845195
Jorge Alfaro,595751,20,0.194625,0.3164,0.3612,85.78571428571429,0.15,-0.11469477641607542
Jorge Barrosa,678489,70,0.28519957142857144,0.3035833333333333,0.43374166666666664,85.24583333333334,0.07142857142857142,-0.02483708168816667
Jorge Mateo,622761,18,0.019,0.041,0.041,69.42,0.0,-2.142690015039306
Jorge Polanco,593871,63,0.28478583549783554,0.21829586038961038,0.5463460497835498,79.45238095238095,0.09523809523809523,-0.11445868595758449
Jose Altuve,514888,65,0.286323,0.2636363636363636,0.31372727272727274,74.54705882352941,0.03076923076923077,-0.5831042695435856
Jose Iglesias,578428,54,0.4231493710691823,0.445022641509434,0.7463698113207548,87.97647058823529,0.14814814814814814,1.1197436070604452
Jose Trevino,624431,30,0.10957142857142857,0.22349999999999998,0.25375000000000003,80.925,0.06666666666666667,-0.9721676656792444
Josh Bell,605137,59,0.560038785524197,0.3952885886678793,0.916203646658452,89.79545454545455,0.11864406779661017,1.6320073912545499
Josh Jung,673962,89,0.3577233138235638,0.33808568503568504,0.6124096798096798,82.80333333333333,0.12359550561797752,0.4764123285268772
Josh Lowe,666139,59,0.23799128977272727,0.27250413223140496,0.3689752066115703,74.8736842105263,0.01694915254237288,-0.7380908443895215
Josh Naylor,647304,48,0.397202461038961,0.38628030303030303,0.5680530303030303,90.5,0.1875,1.0515527243962015
Josh Smith,669701,31,0.22764116666666667,0.3400499999999999,1.3392,76.61428571428571,0.03225806451612903,0.07126468070686034
José Caballero,676609,30,0.37299925,0.3022,0.4316,79.27777777777777,0.03333333333333333,-0.018875366820984812
José Fermín,665877,26,0.2519281428571429,0.2202,0.25739999999999996,75.1375,0.038461538461538464,-0.7379523472418914
José Ramírez,608070,137,0.3910800566666666,0.3426698082010582,0.5004386574074073,82.12280701754386,0.0948905109489051,0.40580849501635563
Juan Soto,665742,98,0.39549345833151944,0.3303927875243665,0.6639874080362196,81.6909090909091,0.09183673469387756,0.5041210788125529
Julio Rodríguez,677594,83,0.49837629290617846,0.5343636363636364,0.8692569169960475,87.51904761904763,0.08433734939759036,1.3290470431109043
Jung Hoo Lee,808982,77,0.2967515789473684,0.37232266666666664,0.48987733333333333,79.73870967741935,0.05194805194805195,-0.10921798979020154
Junior Caminero,691406,113,0.3168383712121212,0.24067344497607657,0.36170334928229664,82.71666666666667,0.07964601769911504,-0.0684855559274219
Jurickson Profar,595777,98,0.22543113636363635,0.1552,0.1913,81.78750000000001,0.05102040816326531,-0.697611422947678
Justin Turner,457759,30,0.21592814285714287,0.30833333333333335,0.34800000000000003,74.14444444444445,0.03333333333333333,-0.7681888988954371
Justyn-Henry Malloy,669234,23,0.2182222222222222,0.2378,0.3782,86.19999999999999,0.13043478260869565,-0.13818299401428613
Ke'Bryan Hayes,663647,63,0.22908461437908498,0.1983703703703704,0.29912037037037037,82.41764705882352,0.031746031746031744,-0.6139416907488002
Kerry Carpenter,681481,57,0.21742857142857144,0.4491428571428572,0.5377142857142857,81.53684210526316,0.03508771929824561,-0.28493500443172476
Ketel Marte,606466,79,0.47262544523809524,0.4468976190476191,0.9390628306878307,84.23333333333333,0.13924050632911392,1.2914140357892134
Kevin Alcántara,682634,7,0.673,0.728,0.8035000000000001,87.06666666666666,0.14285714285714285,2.2264585217821105
Kody Clemens,665019,90,0.26061050718390805,0.32260000000000005,0.5416574712643679,87.23076923076923,0.08888888888888889,0.09627160415436477
Kyle Farmer,571657,14,0.19966666666666666,0.318,0.3735,83.7,0.0,-0.6232584711246307
Kyle Higashioka,543309,49,0.1522,0.41600000000000004,0.46524999999999994,83.01111111111112,0.04081632653061224,-0.5295650344169196
Kyle Karros,691720,97,0.27695180952380954,0.29,0.33645454545454545,85.38636363636364,0.05154639175257732,-0.19288925145448685
Kyle Manzardo,700932,80,0.2592214285714286,0.34719702380952383,0.6893336309523809,78.63103448275862,0.075,-0.079129991030217
Kyle Schwarber,656941,107,0.2817029858064516,0.2874828934506354,0.9672404692082112,85.55416666666667,0.08411214953271028,0.37650222485701834
Kyle Teel,691019,91,0.2363765,0.26158333333333333,0.33949999999999997,80.47419354838709,0.054945054945054944,-0.48928355789101285
Kyle Tucker,663656,54,0.2191039166666667,0.19080555555555556,0.31576851851851856,82.405,0.07407407407407407,-0.5096113438367854
Lars Nootbaar,663457,80,0.2975359852941177,0.20958546875,0.47235203125,84.05000000000001,0.05,-0.1384561704914719
Lawrence Butler,671732,63,0.21492689583333333,0.22244444444444444,0.31783333333333336,85.69411764705882,0.06349206349206349,-0.4323927497612377
Lenyn Sosa,672820,65,0.32291862018743667,0.3476683130699088,0.6092963169642857,86.2103448275862,0.16923076923076924,0.6062440834399224
Leo Rivas,660844,52,0.20508283333333333,0.15733333333333333,0.26166666666666666,87.78333333333335,0.057692307692307696,-0.5193546183669532
Liam Hicks,689414,37,0.32975354545454544,0.30910000000000004,0.3705,76.0625,0.08108108108108109,-0.14940472816076125
Logan O'Hoppe,681351,70,0.2541663333333333,0.24969230769230769,0.3047692307692308,84.68846153846154,0.1,-0.19608597557166207
Luis Arraez,650333,58,0.47528731929824564,0.42417004048582996,0.6048367071524966,86.04782608695652,0.1206896551724138,1.0387575493588246
Luis García Jr.,671277,57,0.3891233029456932,0.3069745711759505,0.7823763306808135,88.93636363636364,0.17543859649122806,1.023163941391269
Luis Rengifo,650859,73,0.25023529411764706,0.2848,0.36000000000000004,79.89642857142857,0.0684931506849315,-0.3808004423515984
Luis Torrens,620443,25,0.151,0.16199999999999998,0.194625,85.33333333333333,0.08,-0.7516784082547088
Luisangel Acuña,682668,15,0.26812425,0.16949999999999998,0.1955,85.075,0.13333333333333333,-0.17718843075597665
Luke Keaschall,807712,10,0.4537485,0.203,0.203,59.5,0.0,-0.6722197799865526
Luke Maile,571912,10,0.0,0.3088236077868225,0.5274441007943793,86.45,0.1,-0.8170855742825126
Luke Raley,670042,50,0.3192333465045593,0.36233581560283684,0.8555404255319149,90.74166666666667,0.1,0.694401607421707
Maikel Garcia,672580,106,0.31575892592592597,0.3327,0.4061,82.99375,0.08490566037735849,0.06314206298181957
Manny Machado,592518,40,0.38972230469530467,0.488418021978022,1.2544276923076922,87.02142857142857,0.1,1.2207329816727532
Marcell Ozuna,542303,75,0.2940668739495798,0.313281746031746,0.6482440476190476,84.965,0.05333333333333334,0.10073596088130841
Mark Vientos,668901,69,0.29824503703703703,0.37298333333333333,0.5802458333333333,88.87058823529412,0.08695652173913043,0.33945364922857163
Masataka Yoshida,807799,73,0.36847537719416384,0.3363030400624603,0.5483142341287269,84.36774193548388,0.1095890410958904,0.46831057316154245
Mason McCoy,669200,27,0.34699914285714284,0.1945,0.377,79.64285714285714,0.037037037037037035,-0.217883768855672
Matt Chapman,656305,78,0.2729996470588235,0.31118181818181817,0.3651818181818182,80.6,0.05128205128205128,-0.30934902354392685
Matt McLain,680574,95,0.2216187619047619,0.316,0.4286,81.1875,0.042105263157894736,-0.4502418802425079
Matt Olson,621566,104,0.2905954688723974,0.31490584415584416,0.6099397611317253,85.17297297297297,0.0673076923076923,0.11329694303313148
Matt Shaw,807713,80,0.3076974770797963,0.4899415322580645,0.804453629032258,87.89,0.0875,0.6046249859251069
Mauricio Dubón,643289,77,0.1886497,0.17714285714285713,0.2105,76.1969696969697,0.025974025974025976,-1.0360758823436869
Max Kepler,596146,40,0.2502656343061347,0.2796182251340084,0.663582744831107,92.26666666666667,0.125,0.37200136766764774
Max Muncy,571970,36,0.017714285714285714,0.020999999999999998,0.052500000000000005,77.30909090909091,0.027777777777777776,-1.8366854746504502
Max Muncy,691777,26,0.2509281428571429,0.37366666666666665,0.4166666666666667,81.21666666666667,0.038461538461538464,-0.31816607218827253
Max Schuemann,680474,38,0.3333572258064516,0.22127016129032256,0.44751209677419357,88.8,0.10526315789473684,0.29259219143640186
Michael A. Taylor,572191,38,0.2883103557377049,0.2196042154566744,0.6017306791569086,80.28666666666666,0.10526315789473684,-0.00563163134187121
Michael Busch,683737,95,0.4585384042508396,0.36690137953014024,0.8351643651149433,85.32941176470588,0.09473684210526316,0.9914211603078362
Michael Conforto,624424,98,0.3608032822580645,0.3137645161290322,0.5745645161290323,79.89354838709677,0.04081632653061224,0.09186343719281626
Michael Harris II,671739,46,0.5693017481529331,0.39890655230841593,1.0261119835425887,82.5923076923077,0.17391304347826086,1.7086949283207213
Michael Helman,680737,60,0.173331,0.18113333333333334,0.22506666666666666,72.32,0.06666666666666667,-1.0603993032488144
Michael Massey,686681,51,0.3203225806451613,0.36008504398826974,0.525434017595308,86.70454545454545,0.11764705882352941,0.3996678753271077
Mickey Moniak,666160,45,0.41595624999999997,0.4757972222222222,0.8246847222222224,88.135,0.2,1.3455849710916046
Miguel Andujar,609280,77,0.23965,0.3163125,0.3805625,82.53529411764706,0.09090909090909091,-0.22741280483227944
Miguel Rojas,500743,66,0.2134705882352941,0.3229166666666667,0.38916666666666666,77.01304347826087,0.06060606060606061,-0.5644494026971374
Miguel Vargas,678246,108,0.39417877750206787,0.41714596774193546,0.6717025537634409,83.08076923076922,0.07407407407407407,0.5641729391093929
Mike Trout,545361,74,0.6317839081391422,0.56771926713948,1.7136163188112126,90.14,0.12162162162162163,2.6137205318654386
Mike Yastrzemski,573262,117,0.5658113251865772,0.45917407336291644,1.0003243129416926,86.41923076923078,0.07692307692307693,1.5353754022643769
Miles Mastrobuoni,670156,15,0.161,0.2595,0.26,71.025,0.0,-1.2601106096481982
Mitch Garver,641598,32,0.22875354545454546,0.250125,0.27625,85.96666666666667,0.125,-0.18737721557536394
Moisés Ballesteros,694208,39,0.27812475,0.4145714285714286,0.47400000000000003,89.86363636363636,0.10256410256410256,0.3087050015770698
Mookie Betts,605141,73,0.29856804545454546,0.3228222222222222,0.4243888888888889,83.82608695652173,0.0684931506849315,-0.019533961624532196
Myles Straw,664702,36,0.21868712499999998,0.21483333333333332,0.27299999999999996,72.34285714285714,0.027777777777777776,-0.9626323453244703
Nacho Alvarez Jr.,805373,72,0.17038217647058823,0.1751818181818182,0.2995151515151515,78.836,0.05555555555555555,-0.8669010841036245
Nasim Nuñez,683083,51,0.2645497,0.6463333333333333,0.8036666666666666,82.54285714285713,0.0392156862745098,0.27908240572641485
Nate Eaton,681987,18,0.2906029411764706,0.2517450980392157,0.6283627450980392,83.46666666666665,0.1111111111111111,0.16068054929870476
Nathan Church,701675,19,0.1055,0.2095,0.234,80.26,0.10526315789473684,-0.9096371270419257
Nathan Lukes,664770,79,0.337609249126485,0.27936106676342526,0.5905943396226415,85.69032258064516,0.12658227848101267,0.4349094535890363
Nathaniel Lowe,663993,94,0.3505293111888112,0.36027764976958526,0.5918213399503722,84.72857142857143,0.10638297872340426,0.45796690710035215
Nick Allen,669397,19,0.3446994,0.27425,0.315,91.7,0.10526315789473684,0.36867970525987787
Nick Castellanos,592206,71,0.2370831666666667,0.372,0.433,78.71538461538461,0.04225352112676056,-0.41744409681258027
Nick Fortes,663743,27,0.347312125,0.3678333333333333,0.42933333333333334,83.07000000000001,0.037037037037037035,0.06990876486330128
Nick Gonzales,693304,113,0.24372449538461538,0.2584776223776224,0.3503545454545455,81.7025,0.061946902654867256,-0.4005588943285283
Nick Kurtz,701762,94,0.4224964074967825,0.4032629619415334,0.988880170987314,92.98947368421052,0.0851063829787234,1.2009896587040265
Nick Sogard,686765,28,0.14100000000000001,0.23175,0.3315,73.73333333333333,0.03571428571428571,-1.1100776342455219
Nick Yorke,694377,78,0.22985561923076925,0.2566564102564103,0.33211282051282054,85.28275862068965,0.11538461538461539,-0.18886693227460408
Nico Hoerner,663538,111,0.3299710910138249,0.3612558651026393,0.5106796187683286,84.43809523809524,0.07207207207207207,0.21285438640750043
Noelvi Marte,682622,100,0.2324902097902098,0.3190171122994652,0.48029732620320864,81.43548387096774,0.05,-0.3410364636909132
Nolan Arenado,571448,45,0.29498084677419356,0.29754493087557604,0.512639400921659,82.93636363636364,0.13333333333333333,0.18801643981431262
Nolan Gorman,669357,63,0.17325,0.4338,0.5198,80.192,0.047619047619047616,-0.4638152229739651
Nolan Schanuel,694384,61,0.3722734665948275,0.32085579937304076,0.6870150862068966,81.9875,0.08196721311475409,0.4091805390666832
Oneil Cruz,665833,43,0.20295624999999992,0.22659642857142856,0.582594642857143,87.45714285714287,0.11627906976744186,-0.06381388074476319
Orlando Arcia,606115,11,0.3161656666666667,0.291,0.311,84.6,0.09090909090909091,0.027455925713715856
Oswald Peraza,672724,54,0.15979141666666666,0.20983333333333332,0.22983333333333333,81.48,0.037037037037037035,-0.9042442208311801
Otto Kemp,805249,42,0.39280268650861333,0.367704033771107,1.0880143058161351,82.60000000000001,0.07142857142857142,0.7894519939648141
Otto Lopez,672640,84,0.2625289351851852,0.2915284722222222,0.41647847222222223,83.94333333333334,0.10714285714285714,-0.05120426889945667
Parker Meadows,678009,81,0.22436529338842973,0.19812878787878788,0.3532171717171717,80.68125,0.037037037037037035,-0.6263895935801459
Patrick Bailey,672275,33,0.27575,0.319,0.37918181818181823,82.3529411764706,0.09090909090909091,-0.10625154849200122
Paul DeJong,657557,27,0.019666666666666666,0.029666666666666664,0.06833333333333333,84.3125,0.14814814814814814,-1.2245711947944868
Paul Goldschmidt,502671,51,0.1555187969924812,0.2022736842105263,0.3183210526315789,86.61818181818181,0.11764705882352941,-0.45680979361021223
Pedro Pagés,686780,34,0.029625000000000002,0.07275000000000001,0.0805,75.15,0.0,-1.8823684747764724
Pete Alonso,624413,103,0.3706000105361305,0.45159787296037296,1.021010576923077,91.16774193548386,0.11650485436893204,1.1312999293752755
Pete Crow-Armstrong,691718,73,0.4254081987891336,0.37707267622024654,0.8594852433727114,81.81818181818181,0.136986301369863,0.9332251748617391
Petey Halpin,690984,13,0.34249900000000005,0.16749999999999998,0.1805,68.325,0.0,-0.8454292547139579
Rafael Devers,646240,106,0.3384713021956856,0.2929123614732725,0.7046189292698828,85.48064516129033,0.08490566037735849,0.39225249485141617
Rafael Flores Jr.,804668,47,0.218227,0.3678,0.4058,84.00833333333334,0.0425531914893617,-0.3494115111831032
Rafael Marchán,665561,25,0.16171428571428573,0.22599999999999998,0.3024,83.4875,0.04,-0.7639428475316417
Ramón Laureano,657656,22,0.1756,0.21425,0.26875,73.325,0.045454545454545456,-1.0307615715899425
Ramón Urías,602104,53,0.36765699999999996,0.35146041666666666,0.60463125,84.75,0.11320754716981132,0.5410937884449488
Randal Grichuk,545341,43,0.41077690058479527,0.4702534670008354,0.9005456140350877,84.69444444444444,0.13953488372093023,1.0841951047382568
Randy Arozarena,668227,124,0.2505125408163265,0.3536619047619048,0.5159523809523809,83.07560975609756,0.0967741935483871,-0.0272522439440451
Reese McGuire,624512,17,0.215,0.28925,0.3305,80.95,0.0,-0.705998591770205
Rhys Hoskins,656555,10,0.0625,0.109,0.188,82.16666666666667,0.0,-1.455064442874975
Richie Palacios,680700,67,0.4267664666666667,0.5952,0.7105,78.72272727272728,0.04477611940298507,0.6370768094867432
Riley Adams,656180,40,0.063,0.353,0.358,84.375,0.1,-0.7416364457009305
Riley Greene,682985,77,0.3394035052373159,0.33046964737390266,0.8488333581312304,82.91538461538462,0.09090909090909091,0.47369450409496155
Rob Refsnyder,608701,20,0.0702857142857143,0.136,0.16175,81.91428571428571,0.05,-1.2725581207874626
Robert Hassell III,690987,41,0.13133333333333333,0.2262,0.3066,84.65714285714286,0.04878048780487805,-0.8040128998059157
Romy Gonzalez,663853,68,0.2587792352941176,0.3314233333333333,0.5191366666666667,85.88947368421053,0.08823529411764706,0.040107580750533146
Ronald Acuña Jr.,660670,93,0.4449124967532468,0.4184229079131652,1.055836887254902,87.58888888888889,0.0967741935483871,1.21763193610492
Ronny Mauricio,677595,48,0.2411994,0.26725,0.327,94.72222222222223,0.10416666666666667,0.0975022345069571
Rowdy Tellez,642133,52,0.4163301979988097,0.4651998056464811,1.4377820683306055,85.51176470588236,0.09615384615384616,1.3664944512843522
Royce Lewis,668904,67,0.20891304347826087,0.32025,0.371125,81.63333333333334,0.07462686567164178,-0.4153264126413234
Ryan Fitzgerald,680837,50,0.36734924747474745,0.2552670454545455,0.6509147727272727,80.46875,0.06,0.19600063864111406
Ryan Jeffers,680777,100,0.3122476611570248,0.3864484848484848,0.48219999999999996,84.65555555555555,0.06,0.12103276285398289
Ryan McMahon,641857,72,0.3067520625000001,0.3929214285714286,0.9629892857142857,77.72222222222223,0.027777777777777776,0.1427575668688328
Ryan Mountcastle,663624,47,0.3307350674603175,0.2618550264550265,0.6066629629629631,86.81904761904762,0.10638297872340426,0.3765860521425991
Ryan O'Hearn,656811,72,0.3144582714285714,0.31172190476190476,0.43916761904761903,78.57692307692308,0.09722222222222222,-0.026615113551431202
Ryan Ritter,690022,67,0.29410505882352944,0.32872727272727276,0.3986363636363636,83.73684210526316,0.07462686567164178,-0.03138362214773495
Sal Frelick,686217,61,0.1943125,0.242,0.28292307692307694,79.51428571428572,0.04918032786885246,-0.7385069277225614
Sal Stewart,701398,37,0.2252926829268293,0.26300406504065044,0.5539349593495936,84.84615384615384,0.10810810810810811,-0.07787693510427493
Salvador Perez,521692,95,0.29318813673212035,0.25333354410616704,0.5281867915690868,82.86551724137931,0.07368421052631578,-0.03612877298084616
Samuel Basallo,694212,59,0.1135052,0.05600000000000001,0.079,80.99375,0.03389830508474576,-1.328115088580148
Sebastián Rivero,665861,21,0.19033333333333333,0.19190476190476188,0.2763809523809524,82.14166666666667,0.14285714285714285,-0.42629990132997064
Seiya Suzuki,673548,93,0.3630602833899264,0.29296032605888206,0.7249412081535382,81.51666666666667,0.0967741935483871,0.41318903394440254
Shea Langeliers,669127,64,0.4180016469038208,0.39718333333333333,0.681766304347826,88.70769230769231,0.140625,1.0126209807981437
Shohei Ohtani,660271,90,0.42002567490783066,0.372922663494064,1.0649873896443587,88.05882352941177,0.12222222222222222,1.1930647117788453
Spencer Horwitz,687462,76,0.4143629196352376,0.38589592933947775,0.694276455026455,85.8851851851852,0.10526315789473684,0.8043587789641434
Spencer Steer,668715,118,0.3420857132867133,0.39477410468319557,0.6067878787878788,83.67647058823529,0.06779661016949153,0.315902592573776
Spencer Torkelson,679529,89,0.23811322727272727,0.3387,0.38120000000000004,82.71818181818182,0.033707865168539325,-0.3887805475888486
Starling Marte,516782,50,0.23704807692307694,0.2045340909090909,0.44429261363636363,84.44375,0.1,-0.2025713630022749
Steven Kwan,680757,85,0.2886040416666667,0.33819999999999995,0.39590000000000003,79.346875,0.03529411764705882,-0.2976406482156091
TJ Friedl,670770,122,0.34012554653679655,0.28637639553429023,0.4585039872408293,81.88,0.07377049180327869,0.07700293111673197
Taylor Trammell,666211,30,0.132062125,0.0746,0.09440000000000001,90.73333333333333,0.16666666666666666,-0.5306236231846821
Taylor Ward,621493,54,0.40849565948879557,0.34119707438530966,0.8459356053532525,85.42857142857143,0.12962962962962962,0.9168111462724167
Teoscar Hernández,606192,69,0.32489835244199694,0.3159944901848675,0.667028427672956,88.98695652173913,0.17391304347826086,0.7231163914150267
Thomas Saggese,695336,79,0.29398370927318296,0.49777192982456137,0.685546052631579,83.80416666666666,0.10126582278481013,0.40318873067823885
Tim Tawa,694374,80,0.18944940000000002,0.13325,0.1495,85.67692307692307,0.0625,-0.7203710360634115
Tommy Edman,669242,41,0.27614285714285713,0.3699090909090909,0.41763636363636364,84.84375,0.0975609756097561,0.060304230946913374
Tommy Pham,502054,85,0.39083266666666666,0.3644949494949495,0.7308350168350168,78.21923076923078,0.047058823529411764,0.3209816264489427
Trea Turner,607208,9,0.201,0.177,0.1825,89.26,0.1111111111111111,-0.360236590894027
Trent Grisham,663757,99,0.3733082828070175,0.3281850079744817,0.6352169059011165,82.61,0.06060606060606061,0.33299946965300387
Trevor Larnach,663616,50,0.15582307692307693,0.2774857142857143,0.4134285714285714,89.96363636363637,0.1,-0.28136385050218127
Trevor Story,596115,75,0.336811854338843,0.43392878787878786,0.7155125000000001,84.5206896551724,0.13333333333333333,0.6406103044788343
Trey Sweeney,700242,33,0.20374925000000002,0.06325,0.0765,74.72857142857143,0.0,-1.3019416614273822
Tristan Gray,656484,42,0.35113609090909087,0.40700000000000003,0.5121249999999999,85.4090909090909,0.07142857142857142,0.35306324342164336
Troy Johnston,687859,43,0.2811360909090909,0.3205,0.365125,84.53999999999999,0.06976744186046512,-0.09899007642805643
Tyler Heineman,623168,17,0.19832224999999998,0.0355,0.052,81.5,0.11764705882352941,-0.7907421447721843
Tyler O'Neill,641933,80,0.32560231168831166,0.3618909090909091,0.5364441558441558,86.9047619047619,0.0875,0.3377589352064459
Tyler Soderstrom,691016,72,0.3271063344947735,0.31279581881533103,0.6290627177700349,82.52799999999999,0.08333333333333333,0.22474614401909446
Tyler Stephenson,663886,70,0.3700120630053908,0.4081318227762803,0.949209105458221,86.13529411764705,0.08571428571428572,0.7958052497671885
Tyler Tolbert,686475,19,0.11100000000000002,0.17466666666666666,0.18433333333333335,83.33333333333333,0.05263157894736842,-1.0321431225275777
Tyrone Taylor,621438,40,0.2960833333333333,0.40149999999999997,0.44029999999999997,80.34117647058824,0.1,0.048236263066734654
Victor Caratini,605170,70,0.2885576083333333,0.26865972222222223,0.5492569444444446,78.99615384615385,0.04285714285714286,-0.2352518809883687
Victor Robles,645302,25,0.1490412857142857,0.171,0.184,73.05,0.0,-1.3720923453828382
Victor Scott II,687363,60,0.32526626666666664,0.4555,0.5435,79.44,0.03333333333333333,0.031471723144467945
Vinnie Pasquantino,686469,101,0.23465992637201508,0.24048727272727272,0.4781794965786902,84.07435897435897,0.07920792079207921,-0.23259817929819948
Vladimir Guerrero Jr.,665489,90,0.18800468269230766,0.23185067873303167,0.29023529411764704,84.4090909090909,0.1111111111111111,-0.4241710724151149
Warming Bernabel,682653,31,0.1269,0.16112500000000002,0.199,79.46666666666667,0.03225806451612903,-1.156255015575863
Wenceel Pérez,672761,103,0.3219572123076923,0.35656508875739645,0.5947795857988166,81.09333333333333,0.02912621359223301,0.00648789362478755
Weston Wilson,642215,41,0.2223497,0.236875,0.275375,77.46923076923078,0.0975609756097561,-0.5578867184120211
Will Benson,666181,38,0.2170057023809524,0.24183673469387754,0.3921224489795918,84.33333333333333,0.10526315789473684,-0.2635506215166886
Will Robertson,683770,27,0.15401000000000004,0.17705238095238096,0.35103333333333325,82.5875,0.07407407407407407,-0.7168081659522341
Will Wagner,695238,14,0.38112425,0.29333333333333333,0.34500000000000003,74.25,0.0,-0.3128112422640482
Willi Castro,650489,8,0.103,0.324,0.33,97.30000000000001,0.125,-0.18918154600210688
William Contreras,661388,28,0.1757142857142857,0.29775,0.434,81.91818181818182,0.10714285714285714,-0.39392093179560134
Willie MacIver,680862,34,0.249812125,0.2682,0.3048,87.52000000000001,0.08823529411764706,-0.14938839290999506
Willy Adames,642715,85,0.38366049053030304,0.33463151041666667,0.7074361979166667,84.40666666666667,0.08235294117647059,0.5472114897499839
Wilmer Flores,527038,20,0.2346,0.3866666666666667,0.517,85.03333333333333,0.15,0.1726701741656143
Wilyer Abreu,677800,58,0.21069427777777777,0.24523076923076925,0.2889230769230769,84.14736842105263,0.10344827586206896,-0.3668618072577081
Wyatt Langford,694671,8,0.11,0.096,0.1615,81.8,0.125,-0.9353057757742685
Xander Bogaerts,593428,67,0.41944506172839513,0.42575079365079366,0.8525988095238094,88.02272727272727,0.13432835820895522,1.1232178645063993
Xavier Edwards,669364,96,0.36067520000000003,0.35772745098039216,0.4749549019607843,79.29743589743589,0.052083333333333336,0.07679770164440435
Yainer Diaz,673237,77,0.3129010461760462,0.31893860877684405,0.6468607376283847,80.82727272727273,0.12987012987012986,0.29080440899921145
Yandy Díaz,650490,37,0.22029141666666666,0.2085,0.23959999999999998,89.24615384615385,0.13513513513513514,-0.15013426285907025
Yanquiel Fernández,692585,63,0.27454492753623183,0.42328019323671495,0.666024154589372,86.15238095238095,0.12698412698412698,0.40825389821451397
Yohel Pozo,650968,13,0.2225,0.3243333333333333,0.39633333333333337,78.78571428571429,0.07692307692307693,-0.42314854852481937
Yoán Moncada,660162,30,0.224280875,0.181015625,0.4935156249999999,82.77142857142857,0.06666666666666667,-0.38680190442497414
Zach Cole,805904,102,0.19975771253071253,0.2178891891891892,0.4756162162162162,75.01904761904763,0.0196078431372549,-0.8293639529627985
Zach McKinstry,656716,46,0.32897217346938773,0.37841071428571427,0.5061928571428571,79.78235294117647,0.06521739130434782,0.06260199331012845
