pitcher,pitcher_id,bf,xwoba_allowed,woba_allowed,xslg_allowed,avg_ev_allowed,hardhit_allowed_rate,k_rate,bb_rate,pitcher_score
AJ Blubaugh,805123,70,0.34062425,0.23124999999999998,0.34340000000000004,80.74,0.05714285714285714,0.02857142857142857,0.05714285714285714,-0.22767376265769973
Aaron Ashby,676879,31,0.189812125,0.0875,0.2345,76.01111111111112,0.06451612903225806,0.0967741935483871,0.03225806451612903,0.8672630842096587
Aaron Civale,650644,40,0.301020202020202,0.2636363636363636,0.6581875,84.81666666666666,0.075,0.075,0.0,-0.008193346115877444
Aaron Nola,605400,90,0.1253244939271255,0.13846153846153847,0.2688173374613003,83.51428571428572,0.07777777777777778,0.1,0.0,0.9676494934871948
Abner Uribe,682842,25,0.0585,0.0,0.13924999999999998,79.12222222222222,0.08,0.08,0.0,1.2509485347899798
Adrian Houser,605288,96,0.27654839042089985,0.36538461538461536,0.4258013902681231,83.63846153846154,0.125,0.052083333333333336,0.020833333333333332,-0.06427047839159811
Adrian Morejon,670970,25,0.5594144736842106,0.3375,0.8467368421052631,88.13333333333334,0.16,0.04,0.0,-1.4665085461860485
Alex Vesia,681911,48,0.43434910000000004,0.425,0.9796666666666667,82.21666666666667,0.041666666666666664,0.08333333333333333,0.0625,-0.6094650522622915
Andre Pallante,669467,64,0.3074995714285714,0.35714285714285715,0.462125,80.96875,0.046875,0.0625,0.03125,0.08670585819963411
Andrew Abbott,671096,85,0.32246318972033255,0.34285714285714286,0.6038136321195144,82.30666666666666,0.07058823529411765,0.047058823529411764,0.0,-0.13836585763139936
Andrew Alvarez,674841,83,0.29534325,0.21666666666666667,0.44433124999999996,82.2090909090909,0.04819277108433735,0.060240963855421686,0.03614457831325301,0.08390903459298743
Andrew Heaney,571760,53,0.28515557142857145,0.5227272727272727,0.49288392857142854,77.06875,0.03773584905660377,0.03773584905660377,0.018867924528301886,0.14889598229261802
Andrew Hoffmann,694851,24,0.37989940000000005,0.32,0.471,91.475,0.125,0.0,0.041666666666666664,-0.949679528578526
Andrew Kittredge,552640,24,0.23600000000000002,0.2571428571428572,0.6796666666666668,78.71428571428571,0.125,0.16666666666666666,0.0,0.7171101167950868
Andrew Saalfrank,685314,33,0.4478351875,0.2875,0.5410520833333333,86.22222222222223,0.06060606060606061,0.0,0.06060606060606061,-0.9973190748368785
Andrés Muñoz,662253,31,0.26433266666666666,0.29444444444444445,0.304,73.39999999999999,0.03225806451612903,0.06451612903225806,0.06451612903225806,0.455188713941077
Angel Chivilli,683409,30,0.6019218500797447,0.5444444444444445,1.141240131578947,93.21000000000001,0.2,0.03333333333333333,0.0,-2.017861297532327
Angel Zerpa,672582,24,0.33875,0.26875,0.5038571428571429,89.3625,0.125,0.041666666666666664,0.0,-0.45399615446287406
Anthony Banda,607455,30,0.06642857142857143,0.05,0.134,86.78,0.06666666666666667,0.1,0.03333333333333333,1.1196277255894713
Anthony Misiewicz,664948,15,0.6431656666666666,0.5333333333333333,0.7865,69.85,0.06666666666666667,0.0,0.06666666666666667,-1.4724081435281713
Anthony Molina,683627,33,0.4597517054686127,0.3409090909090909,0.8389598646034816,96.10909090909091,0.24242424242424243,0.06060606060606061,0.030303030303030304,-1.4518980389832938
Antonio Senzatela,622608,67,0.280299125,0.334375,0.3855,80.15357142857144,0.05970149253731343,0.05970149253731343,0.029850746268656716,0.19766111892063673
Aroldis Chapman,547973,32,0.19504761904761908,0.17857142857142858,0.4004,82.64285714285714,0.0625,0.0625,0.0,0.5073041150433282
Austin Pope,687166,36,0.3824996666666667,0.2777777777777778,0.5027142857142857,87.4923076923077,0.1111111111111111,0.027777777777777776,0.027777777777777776,-0.6710692881571335
Bailey Ober,641927,78,0.2651689000559911,0.13157894736842105,0.5473422156301145,82.0074074074074,0.08974358974358974,0.0641025641025641,0.01282051282051282,0.11268136130508959
Blake Snell,605483,96,0.26003127053140096,0.24130434782608695,0.4188104575163399,76.87058823529412,0.09375,0.052083333333333336,0.010416666666666666,0.24462128888986895
Blake Treinen,595014,41,0.2867724545454545,0.3090909090909091,0.4585714285714286,75.0875,0.07317073170731707,0.07317073170731707,0.024390243902439025,0.30079051580366006
Brad Keller,641745,39,0.23116633333333336,0.2777777777777778,0.3258,79.42727272727272,0.02564102564102564,0.07692307692307693,0.02564102564102564,0.6004351032493874
Brad Lord,695418,174,0.37258654258475826,0.3821428571428572,0.721024540012239,84.93880597014925,0.11494252873563218,0.04597701149425287,0.017241379310344827,-0.5857828938555427
Bradgley Rodriguez,699134,42,0.15327744444444444,0.17777777777777778,0.27466666666666667,86.47,0.047619047619047616,0.11904761904761904,0.023809523809523808,0.9224680384269034
Bradley Blalock,687134,75,0.5102427407407407,0.425,0.7704739583333333,84.73333333333333,0.13333333333333333,0.013333333333333334,0.04,-1.3573264884749627
Brady Basso,669620,71,0.47206950284629984,0.5166666666666667,0.5968978494623656,82.1962962962963,0.09859154929577464,0.014084507042253521,0.07042253521126761,-1.0602137266423726
Brady Singer,663903,159,0.3664933275574169,0.42804878048780487,0.6331168925848525,80.4245283018868,0.08176100628930817,0.050314465408805034,0.025157232704402517,-0.33321258202235743
Brandon Eisert,685126,43,0.5367721818181818,0.6363636363636364,0.8904062500000001,89.25,0.09302325581395349,0.023255813953488372,0.046511627906976744,-1.4788687267841438
Brandon Pfaadt,694297,163,0.3029305470322361,0.35454545454545455,0.5148171318011256,87.24727272727273,0.12883435582822086,0.05521472392638037,0.018404907975460124,-0.2695537130677805
Brandon Sproat,687075,61,0.37773500000000004,0.365,0.4900145833333333,84.16153846153846,0.09836065573770492,0.03278688524590164,0.04918032786885246,-0.5676223136913628
Brandyn Garcia,805299,59,0.31046626666666666,0.2733333333333333,0.4163,84.425,0.0847457627118644,0.05084745762711865,0.03389830508474576,-0.13454170738155702
Brant Hurter,676428,35,0.11354545454545456,0.2772727272727273,0.21471428571428572,67.74285714285715,0.0,0.11428571428571428,0.0,1.6482878573504331
Braxton Ashcraft,677952,72,0.2655994242424243,0.39285714285714285,0.42030909090909085,82.45769230769231,0.08333333333333333,0.06944444444444445,0.013888888888888888,0.2129071702741821
Brayan Bello,678394,89,0.2598725652173913,0.3391304347826087,0.21386666666666668,85.21000000000001,0.10112359550561797,0.033707865168539325,0.056179775280898875,-0.05210585119104033
Braydon Fisher,680755,38,0.4032491,0.425,0.516,91.39999999999999,0.07894736842105263,0.05263157894736842,0.07894736842105263,-0.7451640721666553
Brendon Little,663893,42,0.2252994,0.13999999999999999,0.21460000000000004,80.78571428571429,0.047619047619047616,0.07142857142857142,0.047619047619047616,0.5171227189615363
Brock Burke,656271,34,0.37177777777777776,0.4388888888888889,0.6011428571428572,83.57333333333332,0.11764705882352941,0.058823529411764705,0.0,-0.3827019525359055
Brooks Raley,548384,40,0.22600277777777777,0.09,0.7033805555555556,89.26153846153846,0.15,0.125,0.0,0.22000857872906915
Bruce Zimmermann,669145,89,0.3124010994794679,0.39999999999999997,0.4032923831317424,88.08125,0.12359550561797752,0.011235955056179775,0.02247191011235955,-0.4956970018228189
Bryan Abreu,650556,20,0.1668,0.15,0.24325,95.26,0.1,0.05,0.0,0.255599615274319
Bryan Baker,641329,55,0.2926660223325062,0.5384615384615384,0.6199717741935483,85.69,0.10909090909090909,0.07272727272727272,0.01818181818181818,-0.11475196420238573
Bryan King,687911,26,0.7379833795868024,0.7666666666666667,1.2950965155720011,92.52499999999999,0.23076923076923078,0.0,0.0,-2.809937308804715
Bryce Elder,693821,95,0.34101200772911294,0.3057692307692308,0.7950911609166457,85.68947368421053,0.11578947368421053,0.07368421052631578,0.0,-0.3446713788939343
Bryce Jarvis,686826,37,0.41321385714285713,0.40714285714285714,0.5848,78.98571428571428,0.05405405405405406,0.02702702702702703,0.02702702702702703,-0.5006150338289278
Bryce Miller,682243,152,0.34992621160974535,0.35487804878048784,0.5766106623137855,84.16029411764706,0.125,0.039473684210526314,0.019736842105263157,-0.47682014687452456
Bubba Chandler,696149,86,0.15680720092915215,0.22142857142857145,0.3258910569105691,81.16250000000001,0.05813953488372093,0.06976744186046512,0.0,0.7621995266469374
Cade Cavalli,676917,72,0.3071401813576494,0.4452380952380952,0.597952380952381,85.46363636363637,0.125,0.08333333333333333,0.013888888888888888,-0.11752786275642021
Cade Gibson,806188,53,0.30645758333333334,0.325,0.2934285714285715,77.26923076923077,0.05660377358490566,0.03773584905660377,0.05660377358490566,0.04598923820277971
Cade Horton,690990,27,0.3570625,0.09,0.6656523437499999,91.84444444444445,0.1111111111111111,0.07407407407407407,0.0,-0.4508218135821041
Cade Povich,700249,99,0.3005182307692308,0.4269230769230769,0.43377799999999994,83.04736842105264,0.0707070707070707,0.04040404040404041,0.020202020202020204,-0.07037309997690622
Cade Smith,671922,25,0.1225,0.0,0.2394,80.45,0.04,0.12,0.0,1.2600169139464945
Caden Dana,702674,93,0.3055696775897976,0.3269230769230769,0.5863968921074184,78.84571428571428,0.10752688172043011,0.053763440860215055,0.010752688172043012,-0.0719607621407782
Caleb Ferguson,657571,51,0.16262475,0.05833333333333333,0.182625,75.63076923076923,0.0392156862745098,0.058823529411764705,0.0196078431372549,0.8815706210950359
Caleb Thielbar,573204,43,0.509633081885856,0.5961538461538461,1.017087948028674,84.51538461538462,0.11627906976744186,0.06976744186046512,0.023255813953488372,-1.0981798234553664
Calvin Faucher,676534,35,0.3109281428571428,0.2285714285714286,0.6323333333333333,91.06666666666666,0.08571428571428572,0.08571428571428572,0.02857142857142857,-0.20072133708235243
Cam Booser,592155,32,0.5018078011351909,0.5599999999999999,0.8503936475174867,92.88181818181819,0.15625,0.0,0.03125,-1.657935710473294
Cam Schlittler,693645,97,0.26399557692307696,0.16346153846153846,0.522982142857143,83.01290322580645,0.05154639175257732,0.09278350515463918,0.030927835051546393,0.312291886810024
Camilo Doval,666808,14,0.0,0.0,0.5346390455034824,83.04431631537827,0.0,0.21428571428571427,0.0,2.0706392466011825
Carlos Estévez,608032,21,0.20457224999999998,0.175,0.17,86.60000000000001,0.0,0.09523809523809523,0.047619047619047616,0.7283647512145796
Carlos Rodriguez,692230,51,0.19377711111111112,0.25555555555555554,0.225,82.65625,0.058823529411764705,0.09803921568627451,0.0392156862745098,0.7166597948000413
Carlos Rodón,607074,82,0.45599657444117936,0.27708333333333335,0.8798513106458872,80.84827586206896,0.08536585365853659,0.06097560975609756,0.024390243902439025,-0.7344678124827714
Carlos Vargas,672841,49,0.24823076923076923,0.37307692307692303,0.4076000000000001,78.54545454545455,0.08163265306122448,0.061224489795918366,0.0,0.3579772300895035
Carmen Mlodzinski,669387,26,0.2598,0.15,0.3116,87.0,0.0,0.0,0.0,0.04686955471616027
Carson Ragsdale,685068,17,0.14616666666666667,0.15,0.26699999999999996,89.65,0.17647058823529413,0.11764705882352941,0.0,0.622273210254013
Carson Seymour,693313,43,0.16784970000000002,0.06999999999999999,0.2406,85.26,0.023255813953488372,0.09302325581395349,0.023255813953488372,0.8355970192823569
Casey Legumina,668984,26,0.35994411111111113,0.2777777777777778,0.6416666666666667,93.24285714285715,0.11538461538461539,0.07692307692307693,0.038461538461538464,-0.5644552366275813
Casey Mize,663554,80,0.24815332584082583,0.26875,0.5690179716117216,82.51333333333334,0.1,0.1,0.0,0.3494755025114404
Chad Patrick,694477,76,0.3034029097222222,0.24375,0.8590044444444445,78.18095238095238,0.05263157894736842,0.10526315789473684,0.039473684210526314,0.1435707577379832
Charlie Morton,450203,23,0.4358677795698924,0.4166666666666667,0.789,83.0,0.043478260869565216,0.043478260869565216,0.043478260869565216,-0.7032136034507245
Chase Burns,695505,63,0.23903208284023666,0.10769230769230768,0.6976153846153846,79.80588235294118,0.015873015873015872,0.1111111111111111,0.031746031746031744,0.555774878149416
Chase Shugart,663767,15,0.33256451612903226,0.0,1.2358145161290321,72.64,0.06666666666666667,0.13333333333333333,0.0,0.17132763435103288
Chase Silseth,681217,33,0.255286125,0.2,0.38175,81.175,0.06060606060606061,0.09090909090909091,0.030303030303030304,0.4298416499189475
Chris Martin,455119,42,0.4369497,0.63,0.8073186813186812,81.77894736842104,0.047619047619047616,0.047619047619047616,0.023809523809523808,-0.630738686971422
Chris Murphy,669684,80,0.2439482342105263,0.195,0.301587044534413,82.75,0.0625,0.05,0.0375,0.2339308186677111
Chris Paddack,663978,104,0.40414675775692643,0.5291666666666667,0.7878145386316469,77.45882352941176,0.0673076923076923,0.04807692307692308,0.038461538461538464,-0.49164924558234646
Chris Roycroft,688297,67,0.26396524342105265,0.325,0.3112732793522267,80.96249999999999,0.04477611940298507,0.014925373134328358,0.029850746268656716,0.06876753370446773
Chris Sale,519242,96,0.2694367902097902,0.24318181818181817,0.6024265734265734,79.24838709677418,0.07291666666666667,0.09375,0.020833333333333332,0.3109414091047571
Clay Holmes,605280,92,0.22545964,0.15,0.21325,79.59677419354838,0.06521739130434782,0.021739130434782608,0.03260869565217391,0.266675189094159
Clayton Beeter,690925,31,0.23866566666666666,0.2333333333333333,0.05,78.36,0.0,0.0967741935483871,0.06451612903225806,0.8264611993876916
Clayton Kershaw,477132,109,0.19152070833333334,0.19375,0.3115625,85.94411764705882,0.08256880733944955,0.06422018348623854,0.009174311926605505,0.4352075589853846
Cody Laweryson,689520,18,0.27175,0.04,0.5793333333333334,69.34,0.0,0.1111111111111111,0.0,0.8518213910855369
Cole Ragans,666142,142,0.22097625114045616,0.2,0.6525283473389355,82.0,0.06338028169014084,0.1267605633802817,0.014084507042253521,0.6079843396231465
Cole Sands,663485,31,0.26275000000000004,0.0,0.3722857142857143,84.05833333333334,0.06451612903225806,0.03225806451612903,0.0,0.08948359610832338
Cole Sulser,642121,32,0.25783885714285715,0.09999999999999999,0.435875,78.96153846153847,0.09375,0.0625,0.03125,0.20396371162822302
Cole Winn,668390,32,0.153161125,0.2,0.1262,81.06153846153846,0.0625,0.0625,0.03125,0.7623475762147884
Colin Rea,607067,77,0.21262485,0.125,0.3799166666666667,81.91111111111111,0.09090909090909091,0.09090909090909091,0.012987012987012988,0.5300676682102027
Colin Selby,681882,39,0.2441787878787879,0.09,0.4673598484848486,82.46000000000001,0.10256410256410256,0.05128205128205128,0.0,0.14887764763445907
Colton Gordon,676467,68,0.20278453472222221,0.04375,0.3241805555555555,80.9448275862069,0.11764705882352941,0.04411764705882353,0.014705882352941176,0.2931262141159391
Connelly Early,813349,86,0.2342759214285714,0.215,0.503871875,81.22333333333333,0.05813953488372093,0.08139534883720931,0.011627906976744186,0.4324577288294206
Connor Brogdon,641401,63,0.31570726799242427,0.37692307692307697,0.9850732142857145,81.03333333333333,0.047619047619047616,0.07936507936507936,0.0,-0.06580240026563083
Connor Phillips,683175,59,0.19279912500000002,0.14375,0.3358333333333334,82.93333333333334,0.06779661016949153,0.13559322033898305,0.03389830508474576,0.8486400078926543
Craig Kimbrel,518886,16,0.014,0.0,0.061,78.86666666666666,0.0,0.125,0.0,1.8885730234580667
Cristian Javier,664299,77,0.2592299782051282,0.35750000000000004,0.44552051282051275,85.51363636363637,0.07792207792207792,0.05194805194805195,0.012987012987012988,0.07360971615362191
Cristopher Sánchez,650911,150,0.1712975476190476,0.13214285714285715,0.29818518518518516,79.05102040816327,0.03333333333333333,0.09333333333333334,0.006666666666666667,0.9457128897980867
DL Hall,669084,11,0.5809848484848483,0.725,0.9167348484848483,83.2,0.09090909090909091,0.0,0.0,-1.5231951827278933
Daniel Lynch IV,663738,30,0.0802857142857143,0.0,0.2155,83.43333333333334,0.0,0.1,0.0,1.3393872774619016
Daniel Palencia,694037,20,0.1524909090909091,0.0,0.4706666666666666,84.25714285714285,0.1,0.1,0.0,0.6939814537567511
Danny Coulombe,543056,41,0.33896029429429425,0.29444444444444445,0.4492342342342342,83.63333333333334,0.07317073170731707,0.024390243902439025,0.04878048780487805,-0.38487382699711925
Dauri Moreta,664294,20,0.48425,0.36,0.8376666666666667,81.7375,0.1,0.05,0.0,-0.8646955208633064
David Bednar,670280,59,0.1687495,0.19166666666666665,0.14279999999999998,82.64166666666667,0.03389830508474576,0.0847457627118644,0.03389830508474576,0.8480108821840731
David Morgan,688158,53,0.38790800000000003,0.36818181818181817,0.44725,89.27272727272727,0.05660377358490566,0.05660377358490566,0.07547169811320754,-0.524620846728149
David Peterson,656849,40,0.5491104444444445,0.5900000000000001,0.7262857142857142,76.13636363636364,0.075,0.025,0.05,-1.0985024411196598
David Robertson,502085,47,0.35099976923076925,0.4153846153846154,0.5493499999999999,75.98125,0.10638297872340426,0.0425531914893617,0.02127659574468085,-0.2280863692662063
Davis Martin,663436,89,0.31617485,0.3261904761904762,0.5137857142857143,84.00645161290322,0.0898876404494382,0.056179775280898875,0.02247191011235955,-0.15459647614422733
Dean Kremer,665152,115,0.20263016931216932,0.11851851851851852,0.29009774436090224,78.01578947368421,0.017391304347826087,0.05217391304347826,0.017391304347826087,0.65381353192381
Dennis Santana,642701,68,0.30308825210084034,0.3058823529411765,0.5840053571428572,79.82916666666667,0.04411764705882353,0.07352941176470588,0.029411764705882353,0.13098467794242846
Devin Williams,642207,52,0.32587475000000005,0.20833333333333334,0.45577777777777784,76.5625,0.038461538461538464,0.038461538461538464,0.019230769230769232,0.041783280508594235
Dietrich Enns,608650,28,0.135625,0.26875,0.27880000000000005,83.0909090909091,0.03571428571428571,0.10714285714285714,0.0,1.0754555248730073
Drew Pomeranz,519141,39,0.1659497,0.16,0.26725,80.20769230769231,0.02564102564102564,0.1282051282051282,0.02564102564102564,1.118696691352158
Drew Rasmussen,656876,57,0.25188127272727273,0.37083333333333335,0.31816666666666665,86.27058823529411,0.10526315789473684,0.05263157894736842,0.03508771929824561,0.038004226887692935
Dylan Cease,656302,100,0.2671815454545455,0.3652173913043478,0.4402307692307692,80.36296296296297,0.04,0.08,0.02,0.38905901842729873
Dylan Dodd,689266,13,0.29175,0.0,0.33399999999999996,78.94285714285715,0.15384615384615385,0.0,0.0,-0.26569818360894365
Dylan Lee,669276,16,0.29148484848484835,0.5,1.1324696969696966,82.28,0.0625,0.125,0.0,0.12190010087854697
Edgardo Henriquez,683618,34,0.41582636278195484,0.4222222222222222,1.2026593984962406,85.8,0.14705882352941177,0.08823529411764706,0.0,-0.8236245740208036
Eduard Bazardo,660825,59,0.40332075,0.5045454545454545,0.7586294642857142,82.69047619047619,0.0847457627118644,0.05084745762711865,0.01694915254237288,-0.5632826107638896
Eduardo Rodriguez,593958,95,0.37477052327485383,0.39,0.8071426250812215,86.596875,0.15789473684210525,0.06315789473684211,0.010526315789473684,-0.6702161462779233
Edward Cabrera,665795,148,0.34074456760405786,0.3526315789473684,0.6250055937346499,88.26976744186047,0.10810810810810811,0.06756756756756757,0.04054054054054054,-0.4184098530988744
Edwin Díaz,621242,71,0.22178625578652517,0.08421052631578947,0.5349854851031322,87.11200000000001,0.1267605633802817,0.09859154929577464,0.014084507042253521,0.25257556753307153
Edwin Uceta,670955,46,0.2943696332288401,0.3590909090909091,0.6696433497536944,84.87058823529412,0.08695652173913043,0.06521739130434782,0.021739130434782608,-0.12630055953433808
Elvis Alvarado,665660,68,0.15592814285714285,0.25357142857142856,0.149,83.875,0.058823529411764705,0.058823529411764705,0.029411764705882353,0.6715906566937939
Emerson Hancock,676106,51,0.27417678571428566,0.1285714285714286,0.8208803571428573,85.20666666666666,0.058823529411764705,0.13725490196078433,0.0,0.36362081492905246
Emilio Pagán,641941,58,0.2245024,0.15333333333333332,0.291675,82.46521739130435,0.10344827586206896,0.05172413793103448,0.034482758620689655,0.23119090795158803
Emmet Sheehan,686218,22,0.2246,0.36,0.754,77.44000000000001,0.045454545454545456,0.13636363636363635,0.0,0.7686671762339535
Enyel De Los Santos,660853,49,0.3069997692307692,0.39999999999999997,0.5454722222222222,76.37857142857142,0.04081632653061224,0.08163265306122448,0.02040816326530612,0.2879754900072529
Eric Lauer,641778,55,0.18807692307692306,0.0,0.32389999999999997,86.62941176470588,0.07272727272727272,0.05454545454545454,0.0,0.4178768081777378
Erick Fedde,607200,33,0.26434640522875813,0.2222222222222222,0.4728403361344538,83.35833333333333,0.12121212121212122,0.06060606060606061,0.0,0.06296701067450547
Erik Sabrowski,681870,38,0.15212889999999998,0.16,0.5555,78.02857142857144,0.05263157894736842,0.18421052631578946,0.02631578947368421,1.294529573461034
Eury Pérez,691587,100,0.28915110606060607,0.2840909090909091,0.9040781250000001,81.56363636363636,0.05,0.11,0.03,0.14801019568904888
Fernando Cruz,518585,43,0.44932980555555563,0.325,0.5237925925925926,80.39999999999999,0.09302325581395349,0.0,0.06976744186046512,-0.9641831472049329
Framber Valdez,664285,92,0.24837122857142857,0.3233333333333333,0.45558531746031744,87.55714285714285,0.09782608695652174,0.10869565217391304,0.021739130434782608,0.30093112881347694
Fraser Ellard,686642,35,0.34791516666666666,0.3499999999999999,0.017,82.575,0.0,0.05714285714285714,0.08571428571428572,0.11025912923065098
Freddy Peralta,642547,44,0.3655666666666667,0.46111111111111114,0.8954611111111112,85.90666666666667,0.09090909090909091,0.06818181818181818,0.0,-0.4594650206346815
Gabe Speier,642100,43,0.33762337662337655,0.34545454545454546,0.9982261904761905,86.13333333333333,0.09302325581395349,0.11627906976744186,0.0,-0.16812410419060603
Garrett Cleavinger,664076,19,0.35577000000000003,0.3625,0.9767279999999999,90.2875,0.15789473684210525,0.15789473684210525,0.0,-0.23859029057149955
Garrett Crochet,676979,100,0.1628846153846154,0.11730769230769231,0.2642,82.47105263157896,0.04,0.06,0.0,0.7365976242831679
Garrett Whitlock,676477,24,0.019333333333333334,0.0,0.153,74.45714285714287,0.041666666666666664,0.20833333333333334,0.0,2.2706387352040833
Gavin Williams,668909,89,0.2539019781957173,0.2956521739130435,0.852529489029489,83.67894736842106,0.033707865168539325,0.1348314606741573,0.02247191011235955,0.4429354942799981
George Kirby,669923,85,0.21104935639097744,0.27749999999999997,0.6127591635338346,83.72999999999999,0.047058823529411764,0.11764705882352941,0.023529411764705882,0.592851895970288
George Soriano,666277,46,0.4026358181818182,0.3727272727272727,0.5184285714285715,80.75714285714285,0.06521739130434782,0.043478260869565216,0.043478260869565216,-0.4430179335327138
Germán Márquez,608566,92,0.4815941098484848,0.4795454545454545,0.7753407800878972,84.94444444444444,0.09782608695652174,0.010869565217391304,0.043478260869565216,-1.2029907523073933
Gordon Graceffo,700669,31,0.3614161666666667,0.8916666666666666,0.496,80.6625,0.06451612903225806,0.03225806451612903,0.03225806451612903,-0.31963613491656384
Graham Ashcraft,668933,40,0.15646476223776223,0.17727272727272728,0.23481318681318683,82.20769230769231,0.05,0.075,0.025,0.7788969681679795
Grant Anderson,681982,26,0.4140905923344948,0.41428571428571426,0.8559219512195122,79.49,0.07692307692307693,0.07692307692307693,0.0,-0.3824530797789451
Grant Taylor,691799,29,0.39731944444444445,0.3375,0.9940888888888889,95.6375,0.20689655172413793,0.10344827586206896,0.0,-0.9220067230095775
Grant Wolfram,664991,31,0.5042542857142858,0.5285714285714286,0.3,83.11666666666666,0.06451612903225806,0.0,0.12903225806451613,-1.1626170996397658
Greg Weissert,669711,43,0.19272188888888891,0.17777777777777778,0.23716666666666666,82.85882352941177,0.023255813953488372,0.046511627906976744,0.023255813953488372,0.5516640652036552
Gregory Soto,642397,61,0.4640192666666667,0.471875,0.8261590909090909,79.50454545454545,0.06557377049180328,0.04918032786885246,0.01639344262295082,-0.7008968997703062
Griffin Jax,643377,21,0.4583567142857143,0.2285714285714286,0.5258333333333333,85.77777777777777,0.14285714285714285,0.0,0.047619047619047616,-1.1810249504008816
Génesis Cabrera,650893,44,0.3700172931195518,0.34444444444444444,0.9982095267745955,82.7909090909091,0.09090909090909091,0.06818181818181818,0.045454545454545456,-0.570731877593692
Hoby Milner,571948,58,0.42928582683982686,0.43571428571428567,0.8134236111111111,75.155,0.06896551724137931,0.05172413793103448,0.034482758620689655,-0.5161185943121254
Hogan Harris,663687,56,0.19813333333333333,0.12000000000000001,0.34336363636363637,84.04736842105264,0.05357142857142857,0.07142857142857142,0.0,0.5670566124021297
Huascar Brazobán,623211,60,0.24195,0.2,0.4087309523809524,81.84074074074073,0.11666666666666667,0.06666666666666667,0.0,0.25237981988417496
Hunter Barco,682995,45,0.3258650793650794,0.25416666666666665,0.6233227513227513,84.68125,0.1111111111111111,0.06666666666666667,0.0,-0.20311678709302983
Hunter Brown,686613,86,0.24082582608695652,0.32608695652173914,0.337125,79.13913043478261,0.046511627906976744,0.05813953488372093,0.023255813953488372,0.4209235046547185
Hunter Gaddis,683769,43,0.2242727272727273,0.24545454545454548,0.75725,85.225,0.046511627906976744,0.16279069767441862,0.0,0.7380983355496853
Hunter Greene,668881,96,0.2722206868686869,0.30217391304347824,0.5066431623931623,85.91290322580646,0.08333333333333333,0.07291666666666667,0.020833333333333332,0.06913799079257836
Hunter Stratton,676702,21,0.24012425,0.175,0.293,82.81666666666668,0.047619047619047616,0.09523809523809523,0.047619047619047616,0.508020324375921
Hurston Waldrep,694462,91,0.33763952,0.29423076923076924,0.4303125,86.52307692307691,0.12087912087912088,0.054945054945054944,0.04395604395604396,-0.36974080635028944
Ian Seymour,693855,168,0.40113169497911605,0.425,0.7206663476874002,78.70545454545454,0.05952380952380952,0.05357142857142857,0.02976190476190476,-0.4026414948461809
Isaac Mattson,676755,42,0.45160353787878793,0.4791666666666667,0.6237322314049588,86.44736842105263,0.11904761904761904,0.0,0.023809523809523808,-1.1127965602883911
J.P. France,641585,58,0.23397713095238096,0.23750000000000002,0.5158095238095238,82.94166666666666,0.06896551724137931,0.08620689655172414,0.017241379310344827,0.37611103939621465
J.T. Ginn,669372,81,0.3202752380952381,0.4238095238095238,0.394,77.456,0.07407407407407407,0.04938271604938271,0.04938271604938271,-0.022039896927643812
JP Sears,676664,113,0.33246546581196584,0.37884615384615383,0.488953216374269,85.275,0.11504424778761062,0.035398230088495575,0.02654867256637168,-0.40775929495440805
JT Brubaker,664141,68,0.34125397134238306,0.2735294117647059,0.6025975783475783,86.39500000000001,0.08823529411764706,0.058823529411764705,0.014705882352941176,-0.30530640056055297
Jack Dreyer,676263,46,0.5082952821869489,0.315,1.0914319315843621,83.7909090909091,0.08695652173913043,0.043478260869565216,0.043478260869565216,-1.239553138520607
Jack Flaherty,656427,83,0.32189137737961926,0.37894736842105264,0.6705515548281505,81.21935483870968,0.0963855421686747,0.07228915662650602,0.0,-0.07347384438270926
Jack Leiter,683004,101,0.2664571364935065,0.22884615384615387,0.6696958062770563,82.15172413793104,0.0891089108910891,0.09900990099009901,0.009900990099009901,0.2363188127898273
Jackson Rutledge,671131,30,0.2650178571428571,0.3625,0.48588520408163255,78.8625,0.1,0.03333333333333333,0.0,0.05463041452420444
Jacob Latz,656641,81,0.37246955624355005,0.33157894736842103,0.7624600301659125,81.07931034482759,0.07407407407407407,0.07407407407407407,0.0,-0.23170227216166606
Jacob Misiorowski,694819,58,0.3583035034965035,0.3692307692307692,0.5362857142857143,81.02666666666667,0.034482758620689655,0.05172413793103448,0.05172413793103448,-0.2076419670916852
Jacob Webb,657097,60,0.1791109236111111,0.04375,0.33929012345679016,82.96923076923076,0.05,0.1,0.016666666666666666,0.782795185128882
Jacob deGrom,594798,74,0.36071181708014777,0.2,1.2021606432360743,86.075,0.10810810810810811,0.10810810810810811,0.013513513513513514,-0.4708392197040638
Jaden Hill,677955,55,0.2618567142857143,0.16428571428571428,0.371125,83.98421052631579,0.07272727272727272,0.07272727272727272,0.03636363636363636,0.20898937400252163
Jake Irvin,663623,73,0.34946565853563644,0.36041666666666666,0.7084624320316362,83.01923076923077,0.1095890410958904,0.0821917808219178,0.0136986301369863,-0.23888886469166234
Jakob Junis,596001,41,0.26345454545454544,0.4090909090909091,0.43062500000000004,79.85000000000001,0.07317073170731707,0.07317073170731707,0.0,0.34954530134221085
Jalen Beeks,656222,18,0.5231866666666666,0.4,1.685256530214425,90.77142857142857,0.16666666666666666,0.1111111111111111,0.0,-1.489386053256744
Jameson Taillon,592791,83,0.22518154545454544,0.23636363636363636,0.3780833333333333,78.96923076923076,0.04819277108433735,0.0963855421686747,0.024096385542168676,0.6580716751130298
Janson Junk,676083,61,0.2811578947368421,0.23684210526315788,0.44133333333333336,83.13548387096773,0.11475409836065574,0.06557377049180328,0.0,0.06984585829863826
Jared Koenig,657649,28,0.07314285714285715,0.1285714285714286,0.11599999999999999,76.47142857142856,0.0,0.07142857142857142,0.0,1.4161929733152858
Jason Alexander,669920,56,0.38010670061728397,0.33888888888888885,0.717244123931624,86.04761904761905,0.10714285714285714,0.07142857142857142,0.017857142857142856,-0.4782569833543671
Javier Assad,665871,79,0.2629987894736842,0.23421052631578948,0.4939633333333333,80.44999999999999,0.10126582278481013,0.0759493670886076,0.012658227848101266,0.221028412888419
Javier Sanoja,691594,16,0.20062425,0.4,0.046000000000000006,88.58571428571429,0.1875,0.0,0.0625,-0.2353614737921566
Jayden Murray,681151,65,0.31538855555555556,0.37777777777777777,0.4249230769230769,82.71304347826087,0.09230769230769231,0.046153846153846156,0.03076923076923077,-0.1547232645428659
Jeff Hoffman,656546,48,0.29779818181818185,0.33636363636363636,0.09866666666666667,80.11666666666666,0.041666666666666664,0.020833333333333332,0.08333333333333333,0.0002486318560303846
Jeffrey Springs,605488,80,0.1809997,0.205,0.1958666666666667,85.384,0.075,0.0375,0.025,0.3822717003399382
Jeremiah Estrada,669093,43,0.25480078125000005,0.3625,0.6474375,84.10588235294118,0.06976744186046512,0.06976744186046512,0.0,0.156250650937366
Jesse Scholtens,669947,92,0.249464012987013,0.2772727272727273,0.5767380952380953,81.9,0.07608695652173914,0.09782608695652174,0.021739130434782608,0.34784661429490604
Jesús Luzardo,666200,103,0.10408695652173912,0.11739130434782609,0.22392307692307692,81.67666666666668,0.02912621359223301,0.0970873786407767,0.0,1.2061252082859852
Jhoan Duran,661395,36,0.23230000000000003,0.47000000000000003,0.5324642857142858,86.45,0.08333333333333333,0.08333333333333333,0.0,0.28659578090821203
Jimmy Herget,623474,49,0.16799945454545454,0.12727272727272726,0.17825,83.10000000000001,0.08163265306122448,0.10204081632653061,0.04081632653061224,0.7846540353638454
JoJo Romero,668941,14,0.249,0.4166666666666667,0.481,88.39999999999999,0.07142857142857142,0.07142857142857142,0.0,0.17822567590131283
Joe Boyle,671212,92,0.3229757619047619,0.33095238095238094,0.44353846153846155,82.83749999999999,0.08695652173913043,0.05434782608695652,0.03260869565217391,-0.14075749522674477
Joe Ryan,657746,90,0.14173795238095238,0.3,0.28136363636363637,81.98,0.05555555555555555,0.1,0.011111111111111112,0.9647642923975629
Joel Payamps,606303,42,0.40807168458781357,0.3222222222222222,0.8776405529953918,89.4923076923077,0.11904761904761904,0.047619047619047616,0.0,-0.8537911945058168
Joel Peguero,666711,28,0.39412176477732797,0.16,0.7930150375939851,93.42222222222222,0.14285714285714285,0.07142857142857142,0.03571428571428571,-0.8580173132398984
Joey Cantillo,676282,77,0.267065,0.225,0.7234222222222222,78.58333333333333,0.06493506493506493,0.1038961038961039,0.0,0.39109520410418114
Joey Lucchesi,664192,25,0.6039522301886793,0.79,1.2397421383647798,84.25,0.08,0.04,0.04,-1.6539567246497284
Joey Wentz,666214,86,0.40368154545454543,0.44090909090909086,0.6156773618538324,81.47500000000001,0.06976744186046512,0.03488372093023256,0.023255813953488372,-0.5253710996864033
Johan Oviedo,670912,151,0.2980307763157895,0.2868421052631579,0.4949542112299465,80.43488372093023,0.046357615894039736,0.06622516556291391,0.039735099337748346,0.11430482898380248
John Curtiss,595928,24,0.15024561403508774,0.3333333333333333,0.5388771929824562,81.92857142857143,0.08333333333333333,0.125,0.0,0.8913314510878695
John King,667463,59,0.34856408382066273,0.3611111111111111,0.588409649122807,82.12692307692308,0.11864406779661017,0.05084745762711865,0.0,-0.30989176746522684
John Schreiber,670167,40,0.28125,0.19545454545454544,0.47186111111111106,82.05384615384615,0.075,0.05,0.0,0.08679190703359896
Jonah Tong,804636,57,0.4770297912087912,0.625,0.6931055944055944,93.325,0.17543859649122806,0.017543859649122806,0.03508771929824561,-1.4556321806493415
Jonathan Bowlan,680742,51,0.16677058333333336,0.1625,0.3596770833333333,75.55,0.0196078431372549,0.09803921568627451,0.0196078431372549,1.0321410767240893
Jonathan Cannon,686563,88,0.3187627142213322,0.3739130434782609,0.8444289245076099,82.86206896551724,0.09090909090909091,0.09090909090909091,0.011363636363636364,-0.1069247173484803
Jordan Leasure,673929,49,0.4234793328108673,0.525,1.3635057053291535,86.55555555555556,0.10204081632653061,0.10204081632653061,0.04081632653061224,-0.8692072620313256
Jordan Wicks,696136,53,0.19133333333333333,0.26333333333333336,0.3696,83.45294117647059,0.05660377358490566,0.09433962264150944,0.0,0.7065366488909343
Jorge Alcala,660896,57,0.385897762541806,0.5535714285714286,0.7574021739130435,83.42222222222222,0.07017543859649122,0.07017543859649122,0.03508771929824561,-0.4219282486903938
Jose A. Ferrer,678606,64,0.3890986425339366,0.5529411764705883,0.8720052166224579,86.64583333333333,0.109375,0.078125,0.0,-0.5337456167585005
Jose Corniell,692030,41,0.44813546913580243,0.5388888888888889,0.802377976190476,84.54375,0.0975609756097561,0.024390243902439025,0.024390243902439025,-0.9744143825977131
Josh Simpson,681006,65,0.28173053846153845,0.19230769230769232,0.5497142857142857,81.155,0.07692307692307693,0.07692307692307693,0.015384615384615385,0.16750348184254554
José Berríos,621244,39,0.3415575395348837,0.43,0.7275023255813954,87.96000000000001,0.07692307692307693,0.07692307692307693,0.05128205128205128,-0.370781612698847
José Buttó,676130,22,0.4268934298507462,0.39,1.390567164179105,82.16,0.045454545454545456,0.09090909090909091,0.045454545454545456,-0.7355304781300669
José Castillo,620454,59,0.3631841850789096,0.30000000000000004,0.518240650406504,88.76842105263158,0.11864406779661017,0.01694915254237288,0.01694915254237288,-0.6924482454328496
José De León,592254,101,0.28248319505494507,0.37142857142857144,0.4514615384615384,76.86756756756756,0.04950495049504951,0.07920792079207921,0.0297029702970297,0.35706886460077836
José Fermin,820862,30,0.13978528571428572,0.09999999999999999,0.07016666666666667,84.77777777777777,0.0,0.0,0.03333333333333333,0.5616321224360286
José Suarez,660761,19,0.40809940000000006,0.32,0.41175,101.55,0.15789473684210525,0.0,0.05263157894736842,-1.3403185805387532
José Ureña,570632,66,0.30185403753753753,0.36944444444444446,0.45683513513513513,83.624,0.12121212121212122,0.015151515151515152,0.015151515151515152,-0.3464138226378454
Juan Mejia,675848,62,0.32425200000000004,0.36666666666666664,0.3797142857142857,82.44545454545454,0.04838709677419355,0.06451612903225806,0.06451612903225806,-0.029830081974839273
Juan Morillo,666661,19,0.2706,0.15,0.5333333333333333,85.17142857142858,0.05263157894736842,0.10526315789473684,0.0,0.3752867647498927
Julian Fernández,642759,38,0.37420427272727286,0.24545454545454548,0.9173244047619047,89.64285714285714,0.15789473684210525,0.10526315789473684,0.02631578947368421,-0.604154946773469
Justin Bruihl,677865,12,0.02033333333333333,0.0,0.043,72.33333333333333,0.0,0.16666666666666666,0.0,2.247120660134863
Justin Lawrence,664875,52,0.0637,0.16,0.21250000000000002,84.48333333333333,0.07692307692307693,0.11538461538461539,0.0,1.2748712641158981
Justin Slaten,686580,22,0.29508283333333335,0.11666666666666665,0.2644,79.92999999999999,0.045454545454545456,0.0,0.045454545454545456,-0.10969925318461168
Justin Sterner,686993,40,0.168562125,0.2,0.1414,84.97999999999999,0.025,0.05,0.025,0.6513263196016705
Justin Verlander,434378,92,0.24955569097222222,0.33749999999999997,0.5067445312500001,81.74516129032257,0.07608695652173914,0.07608695652173914,0.010869565217391304,0.29690647582411595
Justin Wilson,458677,34,0.5679255865384616,0.49375,1.0635243589743588,81.66,0.058823529411764705,0.029411764705882353,0.029411764705882353,-1.3582341634189237
Justin Wrobleski,680736,48,0.24431196212121212,0.2833333333333333,0.5579999999999999,86.16363636363636,0.08333333333333333,0.10416666666666667,0.020833333333333332,0.3014276317303325
Kade Strowd,669704,15,0.12525,0.0,0.3865,76.45,0.06666666666666667,0.13333333333333333,0.0,1.2665913564287519
Keegan Akin,669211,31,0.38442771428571426,0.19999999999999998,0.41059999999999997,82.14,0.0967741935483871,0.0,0.06451612903225806,-0.7136627656294998
Keider Montero,672456,76,0.2901339869281046,0.25,0.627644385026738,74.72857142857143,0.05263157894736842,0.09210526315789473,0.0,0.41439362536401664
Kenley Jansen,445276,27,0.007166666666666666,0.0,0.064,72.75833333333334,0.0,0.18518518518518517,0.0,2.3722844536447427
Kevin Gausman,592332,175,0.3156999414893617,0.40744680851063825,0.5537493252840909,82.29824561403508,0.09142857142857143,0.06857142857142857,0.017142857142857144,-0.06091902981031053
Kevin Herget,643361,15,0.23375,0.3125,0.373,81.38,0.06666666666666667,0.06666666666666667,0.0,0.429799711885446
Kevin Kelly,687330,60,0.5628946760057472,0.675,1.296587042842215,87.63809523809525,0.13333333333333333,0.06666666666666667,0.016666666666666666,-1.545389599072552
Kody Funderburk,681892,54,0.12318181818181818,0.16363636363636364,0.258,78.1470588235294,0.05555555555555555,0.09259259259259259,0.0,1.11177759681166
Kolby Allard,663465,44,0.1829340909090909,0.0,0.4204805194805195,82.66000000000001,0.045454545454545456,0.06818181818181818,0.0,0.6091937405071538
Konnor Pilkington,663455,19,0.6451666666666667,0.7833333333333333,1.5061875,92.60000000000001,0.21052631578947367,0.10526315789473684,0.0,-1.9872104912807815
Kyle Bradish,680694,69,0.30384984520123837,0.32941176470588235,0.8096549707602338,80.5,0.043478260869565216,0.11594202898550725,0.0,0.29196879534791165
Kyle Finnegan,640448,44,0.3764166666666667,0.43333333333333335,0.5763,86.67222222222222,0.1590909090909091,0.045454545454545456,0.0,-0.6249442100598742
Kyle Freeland,607536,87,0.35744914049586773,0.20454545454545456,0.6698448529411766,84.796875,0.11494252873563218,0.04597701149425287,0.011494252873563218,-0.4888576082693349
Kyle Harrison,690986,65,0.34986794736842103,0.4605263157894737,0.5801999999999999,80.0909090909091,0.09230769230769231,0.09230769230769231,0.046153846153846156,-0.08625170537109553
Kyle Hart,606996,24,0.3098323333333333,0.2333333333333333,0.212,85.78,0.041666666666666664,0.041666666666666664,0.08333333333333333,-0.11452215950874955
Kyle Hendricks,543294,108,0.279709595959596,0.38409090909090904,0.7170457766439908,77.99411764705883,0.08333333333333333,0.07407407407407407,0.0,0.15782765027232226
Kyle Leahy,681517,52,0.24153061224489794,0.19285714285714287,0.43246753246753245,82.00384615384615,0.11538461538461539,0.057692307692307696,0.0,0.19142346042225677
Kyle Nicolas,693312,39,0.15379354838709675,0.215,0.5358301075268816,85.62727272727273,0.07692307692307693,0.1282051282051282,0.0,0.8322291349409371
Lake Bachar,669199,19,0.34565151515151515,0.40625,0.6837575757575758,87.3375,0.15789473684210525,0.10526315789473684,0.0,-0.2644800991735959
Lance McCullers Jr.,621121,54,0.39326900000000004,0.34615384615384615,0.8575333333333334,81.35625,0.05555555555555555,0.07407407407407407,0.018518518518518517,-0.3612757497469046
Landon Knack,689017,55,0.13580746153846154,0.12307692307692308,0.269,81.86315789473684,0.03636363636363636,0.12727272727272726,0.01818181818181818,1.1719825986186556
Logan Allen,671106,88,0.35367696825396827,0.3886363636363636,0.5858037414965988,79.41724137931034,0.056818181818181816,0.045454545454545456,0.03409090909090909,-0.22910724002340785
Logan Evans,688138,49,0.21954141666666668,0.20833333333333334,0.2503,78.8578947368421,0.061224489795918366,0.02040816326530612,0.02040816326530612,0.3142265276871977
Logan Gilbert,669302,75,0.34998273684210524,0.32105263157894737,0.6833519230769229,85.20434782608696,0.05333333333333334,0.06666666666666667,0.013333333333333334,-0.2241262776671653
Logan Webb,657277,174,0.24067328100775193,0.29000000000000004,0.45003629464285716,84.91224489795918,0.06896551724137931,0.07471264367816093,0.011494252873563218,0.2969851166255499
Lou Trivino,642152,41,0.26774485454545455,0.265,0.53275,83.01818181818182,0.04878048780487805,0.0975609756097561,0.04878048780487805,0.28408940797966975
Louis Varland,686973,52,0.21096646666666666,0.10666666666666667,0.3692777777777778,80.61999999999999,0.057692307692307696,0.09615384615384616,0.019230769230769232,0.6630765601010052
Lucas Giolito,608337,97,0.35031436627140977,0.33260869565217394,0.44517613636363634,84.18787878787879,0.08247422680412371,0.030927835051546393,0.041237113402061855,-0.4025899624695406
Luinder Avila,679883,42,0.20604518181818185,0.3727272727272727,0.3233333333333333,90.78,0.09523809523809523,0.09523809523809523,0.023809523809523808,0.37620321049258576
Luis Castillo,622491,93,0.19365378057577548,0.08695652173913043,0.5773387283907645,86.2,0.0967741935483871,0.10752688172043011,0.0,0.49984776617816684
Luis Curvelo,681168,30,0.3811131578947369,0.5,0.8535269736842105,79.34545454545454,0.1,0.03333333333333333,0.0,-0.5569631703452756
Luis García,472610,18,0.44649900000000003,0.2333333333333333,0.34,70.77000000000001,0.0,0.0,0.05555555555555555,-0.38567378839704697
Luis Gil,661563,166,0.29479356782945737,0.28837209302325584,0.4760962009803921,83.2909090909091,0.10843373493975904,0.030120481927710843,0.024096385542168676,-0.23466219240122885
Luis Morales,806960,101,0.23693095,0.3142857142857143,0.37586298076923075,83.00645161290322,0.0594059405940594,0.04950495049504951,0.019801980198019802,0.258400347382422
Luis Peralta,678821,42,0.2448994,0.32,0.24350000000000002,85.22142857142856,0.07142857142857142,0.047619047619047616,0.047619047619047616,0.14985867266847133
Luis Severino,622663,85,0.2894535,0.17045454545454544,0.473035,80.968,0.058823529411764705,0.058823529411764705,0.011764705882352941,0.14053073338958694
Luke Jackson,592426,62,0.226269,0.15,0.39271428571428574,74.20434782608696,0.04838709677419355,0.08064516129032258,0.016129032258064516,0.6839014078482416
Luke Weaver,596133,45,0.16082727272727274,0.11363636363636363,0.34152916666666666,80.67777777777778,0.06666666666666667,0.06666666666666667,0.0,0.7132014401793149
Mark Leiter Jr.,643410,24,0.2951988,0.45999999999999996,0.041999999999999996,78.26,0.041666666666666664,0.041666666666666664,0.08333333333333333,0.19451138299255175
Mason Barnett,686930,97,0.29576238961038964,0.23636363636363636,0.4738406015037594,83.12820512820512,0.09278350515463918,0.030927835051546393,0.020618556701030927,-0.18311665271943167
Mason Fluharty,689254,63,0.09415384615384616,0.0,0.228,77.83999999999999,0.015873015873015872,0.1111111111111111,0.0,1.4303948692123876
Mason Miller,695243,42,0.087812125,0.0875,0.013,83.05,0.023809523809523808,0.14285714285714285,0.023809523809523808,1.5528819115344485
Matt Brash,666374,16,0.18669940000000002,0.39,0.1275,78.9,0.0,0.125,0.0625,1.1090676422298724
Matt Festa,670036,60,0.255174125,0.3470588235294118,0.32463636363636367,78.2,0.03333333333333333,0.06666666666666667,0.03333333333333333,0.4530490822610909
Matt Gage,657424,12,0.296,0.7166666666666667,0.6735,81.78,0.16666666666666666,0.08333333333333333,0.0,-0.10625591382534647
Matt Strahm,621381,12,0.067,0.0,0.111,79.42,0.08333333333333333,0.08333333333333333,0.0,1.2408691886444643
Matt Svanson,694335,42,0.17670000000000002,0.14545454545454548,0.461,83.6,0.11904761904761904,0.11904761904761904,0.0,0.6886656938534369
Matthew Boyd,571510,86,0.3246562047619047,0.215,0.5500130158730159,84.63793103448276,0.08139534883720931,0.03488372093023256,0.023255813953488372,-0.3150001657039815
Max Fried,608331,107,0.18560559788359787,0.23148148148148148,0.2802380952380952,80.4125,0.056074766355140186,0.06542056074766354,0.018691588785046728,0.6416063710305908
Max Lazar,676661,55,0.29975851048951047,0.37307692307692314,0.5678686868686869,85.88888888888889,0.12727272727272726,0.05454545454545454,0.01818181818181818,-0.25728982480339985
Max Scherzer,453286,86,0.3899744335664336,0.43200000000000005,0.6586527272727273,81.96857142857144,0.13953488372093023,0.05813953488372093,0.0,-0.49756890230772016
McCade Brown,685326,141,0.3560799704031844,0.3803030303030303,0.863665547442494,85.66315789473684,0.09219858156028368,0.0851063829787234,0.03546099290780142,-0.399319015908409
Michael Kelly,547184,43,0.5753100773584906,0.509090909090909,1.2738819407008088,90.13076923076923,0.09302325581395349,0.046511627906976744,0.023255813953488372,-1.6594463332460276
Michael King,650633,49,0.34734025,0.25,0.4601555555555556,79.30909090909091,0.02040816326530612,0.061224489795918366,0.061224489795918366,-0.02762851446418818
Michael Lorenzen,547179,84,0.27537434691745033,0.30454545454545456,0.7470592396109637,83.23076923076923,0.05952380952380952,0.10714285714285714,0.0,0.27794716376872514
Michael McGreevy,700241,88,0.3198523587173061,0.4452380952380952,0.5065050607287449,84.78,0.06818181818181818,0.03409090909090909,0.022727272727272728,-0.24920241494650047
Michael Petersen,656848,25,0.5020558510638298,0.2222222222222222,0.787,82.89166666666667,0.16,0.04,0.0,-1.1212584445978515
Michael Soroka,647336,47,0.3148064666666667,0.2866666666666667,0.5208833333333334,85.51333333333334,0.10638297872340426,0.0425531914893617,0.02127659574468085,-0.29766167456193665
Michael Tonkin,543859,11,0.32875,0.225,0.5466666666666666,85.1,0.18181818181818182,0.09090909090909091,0.0,-0.21717560369783645
Michael Wacha,608379,83,0.19524959090909091,0.17727272727272728,0.1902857142857143,80.6,0.07228915662650602,0.060240963855421686,0.03614457831325301,0.5453011108528232
Mick Abel,690953,73,0.1586427142857143,0.1619047619047619,0.2982727272727273,82.788,0.0684931506849315,0.1232876712328767,0.0136986301369863,0.9692669337791034
Mike Burrows,681347,26,0.35970516717325235,0.41428571428571426,0.5923100303951367,84.05384615384615,0.15384615384615385,0.0,0.0,-0.7535454813319106
Mike Vasil,678024,55,0.3965440819672131,0.33749999999999997,0.5295765027322406,80.46923076923076,0.03636363636363636,0.03636363636363636,0.07272727272727272,-0.4611754306466806
Miles Mikolas,571945,79,0.4366589157172272,0.38,0.9387392919240448,83.14999999999999,0.0759493670886076,0.05063291139240506,0.012658227848101266,-0.7568428660849057
Mitch Farris,815083,84,0.4087860588127209,0.35,0.8034458745838203,79.16923076923078,0.07142857142857142,0.05952380952380952,0.023809523809523808,-0.46651270937752515
Mitch Keller,656605,89,0.39537872750056957,0.38421052631578945,0.8763007575757574,82.2,0.056179775280898875,0.06741573033707865,0.056179775280898875,-0.5246531297345196
Mitch Spence,687765,47,0.35991346153846154,0.415625,0.49946153846153846,86.96111111111111,0.19148936170212766,0.02127659574468085,0.0,-0.7413697392857631
Mitchell Parker,680730,27,0.31801845,0.195,0.3918125,88.44615384615385,0.18518518518518517,0.0,0.037037037037037035,-0.7596753654408022
Nabil Crismatt,622503,72,0.4992961286096399,0.6575,0.8658991149284302,86.55185185185185,0.1388888888888889,0.027777777777777776,0.027777777777777776,-1.3176995367594246
Nick Hernandez,663321,26,0.5339078341658342,0.5571428571428572,1.0636867132867136,94.125,0.07692307692307693,0.038461538461538464,0.07692307692307693,-1.6224622744733073
Nick Lodolo,666157,107,0.2060889642857143,0.20862068965517241,0.36916083916083914,80.55714285714286,0.037383177570093455,0.11214953271028037,0.028037383177570093,0.7959339591564327
Nick Martinez,607259,43,0.3600828333333333,0.29583333333333334,0.46175,86.3125,0.09302325581395349,0.046511627906976744,0.046511627906976744,-0.44493239172375953
Nick Mears,683232,31,0.19949206349206347,0.26666666666666666,0.41624074074074074,80.94166666666666,0.0967741935483871,0.06451612903225806,0.03225806451612903,0.3731199121521653
Noah Cameron,702070,96,0.452535380715527,0.3068181818181818,0.9074988464073831,86.76818181818182,0.08333333333333333,0.0625,0.041666666666666664,-0.8958599099923368
Nolan McLean,690997,94,0.3649490028050491,0.43043478260869567,1.20892781701891,82.16153846153846,0.06382978723404255,0.11702127659574468,0.02127659574468085,-0.2672015260290997
Orion Kerkering,689147,42,0.2081046049382716,0.17777777777777778,0.4483611111111111,78.70714285714287,0.07142857142857142,0.09523809523809523,0.023809523809523808,0.6228601346606039
Orlando Ribalta,687377,34,0.343999,0.5916666666666667,0.26266666666666666,81.33,0.058823529411764705,0.029411764705882353,0.058823529411764705,-0.21135417737349388
Osvaldo Bido,674370,66,0.26726330303030305,0.37777777777777777,0.5093685950413224,83.15652173913043,0.09090909090909091,0.07575757575757576,0.030303030303030304,0.12014412113117813
PJ Poulin,676571,15,0.19432225,0.175,0.072,82.26666666666667,0.06666666666666667,0.13333333333333333,0.06666666666666667,0.9154442294328846
Parker Messick,800048,89,0.37920133900234826,0.46304347826086956,0.9336255523731587,83.03529411764706,0.06741573033707865,0.07865168539325842,0.011235955056179775,-0.377742035426709
Patrick Corbin,571578,153,0.3459243309625415,0.32297297297297295,0.5155846564327485,80.13863636363637,0.0784313725490196,0.0457516339869281,0.032679738562091505,-0.22643571957454275
Paul Blackburn,621112,36,0.18965034965034963,0.2636363636363636,0.4526593406593407,79.79166666666667,0.027777777777777776,0.1111111111111111,0.0,0.9073822466041597
Paul Sewald,623149,30,0.1897497,0.16,0.21337499999999998,79.83076923076922,0.1,0.03333333333333333,0.03333333333333333,0.362475591233082
Paul Skenes,694973,85,0.22155746140651802,0.17954545454545456,0.4568817610062893,83.85,0.09411764705882353,0.08235294117647059,0.0,0.3911020106494362
Payton Tolle,801139,38,0.31277462500000003,0.45,0.5274000000000001,79.42666666666668,0.07894736842105263,0.05263157894736842,0.02631578947368421,-0.05197382734526235
Pete Fairbanks,664126,24,0.15321483333333333,0.11666666666666665,0.06325,75.87692307692308,0.041666666666666664,0.041666666666666664,0.041666666666666664,0.8223880939118553
Phil Maton,664208,41,0.190562125,0.2,0.2472,80.82857142857142,0.07317073170731707,0.04878048780487805,0.024390243902439025,0.4886025792037308
Philip Abner,691769,49,0.3921270681341719,0.47500000000000003,0.7702799640610962,81.47222222222223,0.08163265306122448,0.061224489795918366,0.04081632653061224,-0.4972398013848319
Pierce Johnson,572955,37,0.41137662337662334,0.6227272727272727,0.6890595238095238,83.66666666666667,0.10810810810810811,0.05405405405405406,0.0,-0.5723192252719431
Pierson Ohl,701487,42,0.2788333333333333,0.25416666666666665,0.516,82.81818181818181,0.047619047619047616,0.09523809523809523,0.0,0.3656736327240135
Quinn Priester,682990,87,0.2787480579710145,0.42826086956521736,0.42945601851851856,86.02592592592592,0.06896551724137931,0.04597701149425287,0.011494252873563218,-0.0034735650869829188
Rafael Montero,606160,38,0.2955548888888889,0.35555555555555557,0.2818333333333333,84.5,0.07894736842105263,0.02631578947368421,0.05263157894736842,-0.17527749596563214
Raisel Iglesias,628452,45,0.3005449090909091,0.20909090909090908,0.4862,88.56923076923077,0.08888888888888889,0.08888888888888889,0.044444444444444446,-0.05790413240259016
Randy Vásquez,681190,116,0.2920886888888889,0.20833333333333334,0.4124259259259259,84.79767441860466,0.10344827586206896,0.034482758620689655,0.017241379310344827,-0.171585545676995
Ranger Suarez,624133,84,0.4340387301587302,0.5071428571428571,0.7975089384719405,84.48611111111111,0.11904761904761904,0.047619047619047616,0.0,-0.7889575663260187
Richard Lovelady,663992,31,0.36459438306451614,0.3375,0.7133258064516129,87.1625,0.0967741935483871,0.06451612903225806,0.03225806451612903,-0.49437749204573395
Rico Garcia,670329,46,0.4369522727272726,0.4272727272727273,0.9791660714285716,80.53333333333333,0.08695652173913043,0.08695652173913043,0.0,-0.5210363917851131
Riley O'Brien,676617,36,0.2736,0.34545454545454546,0.4878571428571429,76.13636363636364,0.05555555555555555,0.08333333333333333,0.027777777777777776,0.3962692435655366
Rob Zastryzny,642239,3,0.011,0.0,0.013,68.7,0.0,0.0,0.0,1.4685540200880411
Robert Garcia,676395,41,0.2357078181818182,0.3,0.18087499999999998,81.8,0.04878048780487805,0.024390243902439025,0.07317073170731707,0.158044702806597
Robert Gasser,688107,57,0.3205176875,0.434375,0.3776,85.39444444444445,0.08771929824561403,0.05263157894736842,0.05263157894736842,-0.21109462856656608
Robert Suarez,663158,9,0.149,0.0,0.22849999999999998,64.60000000000001,0.0,0.1111111111111111,0.0,1.5706794391641385
Roki Sasaki,808963,25,0.14633673469387753,0.17857142857142858,0.5927619047619047,87.72,0.08,0.16,0.0,0.9462571087864543
Ronny Henriquez,678692,53,0.12845808333333333,0.23750000000000002,0.15985714285714286,81.44,0.018867924528301886,0.07547169811320754,0.018867924528301886,1.02475354785536
Ryan Fernandez,681676,37,0.2991519222222222,0.45,0.7645511111111111,85.08181818181818,0.10810810810810811,0.10810810810810811,0.02702702702702703,-0.029199274086004975
Ryan Helsley,664854,42,0.25145808333333336,0.20833333333333334,0.334,81.16666666666667,0.0,0.07142857142857142,0.023809523809523808,0.5236491151873265
Ryan Pepiot,686752,59,0.30843383516483514,0.28846153846153844,0.5166150793650793,80.71739130434783,0.05084745762711865,0.05084745762711865,0.01694915254237288,0.020190840935467226
Ryan Thompson,657044,31,0.36854545454545456,0.24545454545454548,0.5597777777777778,75.66666666666667,0.12903225806451613,0.06451612903225806,0.0,-0.17122176398474
Ryan Walker,676254,54,0.5049396353383458,0.5642857142857143,0.9751162387676509,89.8125,0.1111111111111111,0.05555555555555555,0.018518518518518517,-1.229220465025668
Ryan Weathers,677960,88,0.3871574168897956,0.508695652173913,0.998902793443116,84.69285714285715,0.09090909090909091,0.09090909090909091,0.022727272727272728,-0.4941419149496339
Ryan Zeferjahn,666171,42,0.36415237121212124,0.4291666666666667,0.4064507575757576,77.775,0.047619047619047616,0.023809523809523808,0.07142857142857142,-0.31509272188023807
Ryne Nelson,669194,92,0.30998326923076924,0.324,0.7488404447115385,82.475,0.09782608695652174,0.09782608695652174,0.0,0.03238986544443769
Ryne Stanek,592773,45,0.3895669619047618,0.41,0.6754200892857144,81.20952380952382,0.08888888888888889,0.022222222222222223,0.022222222222222223,-0.6159607632336812
Sam Aldegheri,691951,188,0.3949528057976381,0.45416666666666666,0.6244607660842447,82.82950819672132,0.06382978723404255,0.0425531914893617,0.0425531914893617,-0.5199273413318264
Sam Bachman,696147,57,0.3511491166827387,0.42058823529411765,0.541454918032787,89.48333333333333,0.14035087719298245,0.05263157894736842,0.03508771929824561,-0.5803498137384364
Sam Long,669674,40,0.6316347792207794,0.6863636363636364,1.0155809523809525,88.975,0.175,0.0,0.05,-2.1984001492499634
Sammy Peralta,671111,13,0.10666666666666667,0.0,0.203,73.03333333333333,0.0,0.07692307692307693,0.0,1.358688064703526
Sandy Alcantara,645261,101,0.3322976173469388,0.29464285714285715,0.47000698757763976,86.63720930232559,0.1485148514851485,0.0297029702970297,0.019801980198019802,-0.5216700997362761
Sauryn Lao,666659,26,0.1773265306122449,0.0,0.5513071428571428,85.48,0.11538461538461539,0.11538461538461539,0.0,0.5843949738355078
Scott Barlow,605130,33,0.34887325,0.175,0.51838,78.53333333333333,0.06060606060606061,0.030303030303030304,0.06060606060606061,-0.3106764376937987
Scott McGough,543518,48,0.2122782369146006,0.29545454545454547,0.4910562770562771,80.41499999999999,0.0625,0.08333333333333333,0.0,0.5606618588670572
Sean Burke,680732,80,0.24577952334943642,0.3194444444444444,0.8211291407867495,86.39500000000001,0.075,0.125,0.0125,0.29990302075667097
Sean Manaea,640455,54,0.2762004803921569,0.35833333333333334,0.508514705882353,83.37142857142858,0.09259259259259259,0.07407407407407407,0.037037037037037035,0.05597050266866537
Seranthony Domínguez,622554,40,0.260071,0.2285714285714286,0.461,81.93333333333334,0.05,0.075,0.025,0.30456852017003
Shane Baz,669358,49,0.18376606666666667,0.2,0.10677777777777778,87.68571428571428,0.04081632653061224,0.061224489795918366,0.061224489795918366,0.4957423725141291
Shane Bieber,669456,90,0.3986849141214517,0.36818181818181817,0.6684068821204372,84.93939393939394,0.1,0.03333333333333333,0.022222222222222223,-0.6915606492715463
Shane Smith,681343,165,0.21811563414634147,0.19146341463414634,0.41071874999999997,81.56984126984126,0.048484848484848485,0.09696969696969697,0.01818181818181818,0.6237910578781429
Shawn Armstrong,542888,54,0.2910454817073171,0.23750000000000002,0.40311707317073175,84.8,0.07407407407407407,0.018518518518518517,0.018518518518518517,-0.18266350785621618
Shinnosuke Ogasawara,829272,34,0.42509087647058824,0.375,0.7514411764705883,85.01111111111112,0.11764705882352941,0.058823529411764705,0.029411764705882353,-0.750047120432447
Shohei Ohtani,660271,89,0.25633333333333336,0.21428571428571427,0.5077692307692308,80.875,0.033707865168539325,0.0898876404494382,0.0,0.4943958026200548
Shota Imanaga,684007,91,0.43002922526117093,0.44999999999999996,0.7908960561109329,88.34864864864865,0.17582417582417584,0.03296703296703297,0.01098901098901099,-1.0980212995849783
Simeon Woods Richardson,680573,82,0.07921052631578947,0.04736842105263158,0.1748,84.67307692307692,0.07317073170731707,0.10975609756097561,0.0,1.2164177785353703
Slade Cecconi,677944,75,0.31751440903540895,0.36944444444444446,0.5539015894819468,80.52916666666667,0.04,0.04,0.013333333333333334,-0.051877120870638824
Sonny Gray,543243,99,0.33661635091991343,0.4160714285714286,0.691022149122807,83.80000000000001,0.0707070707070707,0.0707070707070707,0.020202020202020204,-0.1873635760405493
Spencer Bivens,702352,57,0.29358904985337236,0.3090909090909091,0.6367903225806453,80.38823529411764,0.017543859649122806,0.07017543859649122,0.03508771929824561,0.1541104983427567
Spencer Strider,675911,85,0.37676142165242166,0.39814814814814814,0.6369284210526316,89.79583333333333,0.10588235294117647,0.058823529411764705,0.03529411764705882,-0.6121229975585087
Stephen Kolek,663568,94,0.31943466766566764,0.38653846153846155,0.4560156434474617,83.44054054054054,0.09574468085106383,0.02127659574468085,0.02127659574468085,-0.3227360104451802
Steven Cruz,674444,45,0.38583484848484845,0.4272727272727273,0.7106222222222223,84.52,0.1111111111111111,0.044444444444444446,0.0,-0.5745975437710283
Steven Matz,571927,17,0.2526,0.18,0.41475,78.5625,0.11764705882352941,0.058823529411764705,0.0,0.23953138579529637
Steven Okert,595345,40,0.2685765817204301,0.16,0.4940138248847927,84.9923076923077,0.1,0.05,0.025,-0.06560278766541285
Steven Wilson,621051,21,0.5816979166666667,0.95,0.8497812499999999,81.2,0.09523809523809523,0.0,0.0,-1.4552409471620282
Taijuan Walker,592836,62,0.3094658666666667,0.33,0.41650000000000004,87.61538461538461,0.11290322580645161,0.08064516129032258,0.06451612903225806,-0.17928512286609372
Taj Bradley,671737,90,0.1950539138755981,0.2113636363636364,0.4592334928229665,83.02333333333333,0.07777777777777778,0.1,0.022222222222222223,0.581349867904483
Tanner Banks,621383,19,0.11075,0.22000000000000003,0.26066666666666666,74.35000000000001,0.0,0.10526315789473684,0.0,1.4382601157087036
Tanner Bibee,676440,105,0.32220808333333334,0.24583333333333335,0.46847058823529414,84.03636363636363,0.05714285714285714,0.047619047619047616,0.01904761904761905,-0.11131176298923426
Tanner Gordon,685299,70,0.4944078670688579,0.6736842105263158,0.9544037593324551,80.49666666666667,0.1,0.04285714285714286,0.014285714285714285,-1.0092668884928195
Tanner Rainey,663432,29,0.21907100000000002,0.09999999999999999,0.27825,82.37777777777778,0.034482758620689655,0.06896551724137931,0.034482758620689655,0.5177846893847158
Tanner Scott,656945,62,0.34375625,0.3464285714285714,0.4278571428571429,81.8,0.06451612903225806,0.04838709677419355,0.06451612903225806,-0.23543816080925595
Tarik Skubal,669373,93,0.19219526086956523,0.28958333333333336,0.23684615384615382,76.45185185185184,0.06451612903225806,0.08602150537634409,0.03225806451612903,0.7895721040677811
Taylor Clarke,664199,35,0.18361077777777776,0.31666666666666665,0.2404,89.0375,0.05714285714285714,0.08571428571428572,0.02857142857142857,0.5650650512402202
Taylor Rashi,688497,67,0.24046407142857143,0.1142857142857143,0.5601666666666666,79.49411764705883,0.029850746268656716,0.1044776119402985,0.014925373134328358,0.6036755921783156
Taylor Rogers,573124,35,0.3821504603174603,0.31666666666666665,0.6073809523809525,91.5909090909091,0.17142857142857143,0.05714285714285714,0.02857142857142857,-0.8036895013275884
Tim Herrin,682120,35,0.34503537500000003,0.26249999999999996,0.20900000000000002,79.74285714285715,0.05714285714285714,0.02857142857142857,0.08571428571428572,-0.2150302579255217
Tim Hill,657612,18,0.24,0.15,0.3374,97.02000000000001,0.16666666666666666,0.05555555555555555,0.0,-0.2155069728878471
Tim Mayza,641835,21,0.23650000000000002,0.15,0.43174999999999997,79.28333333333333,0.09523809523809523,0.09523809523809523,0.0,0.5214103012474546
Tobias Myers,668964,61,0.3377817325194229,0.15882352941176472,0.556996293800539,91.29444444444444,0.16393442622950818,0.03278688524590164,0.01639344262295082,-0.7026703006412816
Tommy Kahnle,592454,32,0.31087192222222226,0.32,0.5342222222222222,88.30909090909091,0.125,0.0625,0.03125,-0.3125878069601036
Tommy Nance,667297,38,0.2071497,0.25,0.22657142857142856,84.13333333333334,0.07894736842105263,0.05263157894736842,0.02631578947368421,0.3728098846622133
Tomoyuki Sugano,608372,73,0.5096868421052633,0.43333333333333335,1.0847049081035922,90.83703703703704,0.1643835616438356,0.0410958904109589,0.0,-1.4902135364475888
Tony Santillan,663574,43,0.2780645692407951,0.29090909090909095,0.55381541218638,86.99375,0.09302325581395349,0.06976744186046512,0.023255813953488372,-0.04667688130189653
Travis Adams,701519,55,0.40132121428571427,0.3964285714285714,0.5059166666666667,83.08947368421053,0.07272727272727272,0.01818181818181818,0.01818181818181818,-0.5783920610465907
Trevor McDonald,686790,89,0.18806153846153845,0.21538461538461537,0.4733208333333333,80.95806451612903,0.07865168539325842,0.11235955056179775,0.0,0.7610748435588423
Trevor Megill,656730,12,0.13533333333333333,0.0,0.416,90.65,0.08333333333333333,0.16666666666666666,0.0,1.045030112139712
Trevor Rogers,669432,52,0.589246905050505,0.6,1.4115038888888887,86.74,0.1346153846153846,0.057692307692307696,0.057692307692307696,-1.8287706855947152
Trey Yesavage,702056,94,0.24286336363636363,0.325,0.33146666666666663,85.64137931034483,0.0851063829787234,0.05319148936170213,0.02127659574468085,0.15958532241864393
Tristan Beck,663941,32,0.3712428102766799,0.22727272727272727,0.5516908212560386,80.48181818181818,0.09375,0.03125,0.03125,-0.4529701785782149
Troy Melton,675512,49,0.2861996,0.23666666666666666,0.3278333333333333,81.63333333333333,0.061224489795918366,0.02040816326530612,0.04081632653061224,-0.06704690831094748
Tyler Alexander,641302,46,0.20036363636363633,0.16363636363636364,0.36375,82.73333333333333,0.06521739130434782,0.06521739130434782,0.0,0.5154613530399359
Tyler Ferguson,621053,50,0.1611920769230769,0.12307692307692308,0.22849999999999998,82.1,0.02,0.08,0.02,0.8792664031393038
Tyler Gilbert,656457,78,0.3004046111111111,0.3394736842105263,0.4102,81.74,0.05128205128205128,0.0641025641025641,0.05128205128205128,0.07321450939359744
Tyler Glasnow,607192,36,0.27042284615384615,0.26153846153846155,0.3758888888888889,89.91333333333334,0.1388888888888889,0.08333333333333333,0.027777777777777776,-0.03342873355254261
Tyler Holton,663947,45,0.22453846153846155,0.06923076923076923,0.47100000000000003,86.63333333333334,0.13333333333333333,0.1111111111111111,0.0,0.37469043975842004
Tyler Kinley,641755,39,0.2765,0.2,0.6052361111111111,89.34615384615384,0.07692307692307693,0.05128205128205128,0.0,-0.1281080123793072
Tyler Mahle,641816,78,0.3077895350877193,0.35000000000000003,0.6097187500000001,86.29565217391304,0.0641025641025641,0.05128205128205128,0.01282051282051282,-0.17088878732577933
Tyler Phillips,663969,38,0.25036336363636363,0.12727272727272726,0.41590000000000005,91.67142857142858,0.13157894736842105,0.07894736842105263,0.02631578947368421,-0.02803352274037477
Tyler Rogers,643511,62,0.34599962500000003,0.35625,0.4086923076923077,83.64399999999999,0.0967741935483871,0.016129032258064516,0.03225806451612903,-0.44912354331454574
Tyler Wells,669330,79,0.39645726283099053,0.48157894736842105,0.7174008429458739,81.38333333333334,0.08860759493670886,0.05063291139240506,0.012658227848101266,-0.4884969771033182
Valente Bellozo,678368,43,0.5487474825174825,0.890909090909091,1.2085882905982908,90.1625,0.16279069767441862,0.046511627906976744,0.0,-1.6444029706919363
Victor Vodnik,680767,37,0.30699925,0.4875,0.39249999999999996,85.88333333333333,0.08108108108108109,0.05405405405405406,0.05405405405405406,-0.1633356805118556
Walker Buehler,621111,74,0.334839,0.275,0.359,79.74814814814815,0.04054054054054054,0.02702702702702703,0.05405405405405406,-0.15593013050973709
Wandy Peralta,593974,37,0.16977777777777778,0.30000000000000004,0.30216666666666664,79.1,0.05405405405405406,0.08108108108108109,0.0,0.8473308840863536
Will Klein,694361,44,0.34235928904109597,0.195,0.7013972602739726,87.46666666666665,0.09090909090909091,0.06818181818181818,0.022727272727272728,-0.36145849710900735
Will Vest,676684,40,0.0829,0.125,0.2042,78.26666666666667,0.025,0.125,0.0,1.5265433639819455
Will Warren,701542,81,0.2966978565525384,0.3931818181818182,0.698081524427953,86.45,0.08641975308641975,0.08641975308641975,0.012345679012345678,-0.04565265967551431
Yaramil Hiraldo,682274,33,0.21638855555555558,0.2777777777777778,0.49733333333333335,77.13,0.0,0.15151515151515152,0.030303030303030304,1.0636887399582007
Yariel Rodríguez,684320,25,0.3525560088183421,0.38571428571428573,1.0260164609053501,84.15,0.08,0.12,0.04,-0.2348271692219966
Yennier Cano,666974,39,0.2693179090909091,0.3909090909090909,0.335,81.71666666666667,0.07692307692307693,0.05128205128205128,0.02564102564102564,0.15180287873443796
Yoendrys Gómez,672782,79,0.3366805811965812,0.478,0.6687058974358975,86.99354838709678,0.11392405063291139,0.06329113924050633,0.0,-0.34116025675219763
Yohan Ramírez,670990,70,0.2958839230769231,0.3269230769230769,0.361,80.42631578947368,0.04285714285714286,0.05714285714285714,0.04285714285714286,0.1469477348965097
Yoshinobu Yamamoto,808967,94,0.298047369047619,0.20833333333333334,0.5081690476190476,77.82857142857142,0.05319148936170213,0.07446808510638298,0.02127659574468085,0.23672045401745498
Yu Darvish,506433,79,0.4811082276395565,0.485,1.017331815975378,86.85416666666667,0.0759493670886076,0.05063291139240506,0.02531645569620253,-1.064352707234001
Yuki Matsui,673513,50,0.46570809768492377,0.48571428571428577,0.7120247215235358,84.01875,0.1,0.02,0.04,-1.0404908021372135
Yusei Kikuchi,579328,66,0.24940366699155295,0.2,0.5538017543859648,87.89473684210526,0.09090909090909091,0.09090909090909091,0.015151515151515152,0.1714159292148502
Zac Gallen,668678,103,0.42544196100828996,0.4479166666666667,0.7569209907782276,83.08250000000001,0.10679611650485436,0.02912621359223301,0.02912621359223301,-0.8468599538552188
Zach Agnos,688642,25,0.13591616666666667,0.11666666666666665,0.056666666666666664,80.8,0.04,0.08,0.04,0.9937641611430524
Zack Kelly,677161,33,0.3603283950617284,0.3222222222222222,0.524446913580247,82.86666666666667,0.09090909090909091,0.0,0.0,-0.5419215859422728
Zack Littell,641793,85,0.3683372,0.26749999999999996,0.5509077777777779,83.559375,0.08235294117647059,0.03529411764705882,0.023529411764705882,-0.4426341628064972
Zak Kent,687849,57,0.27922484999999997,0.27,0.3811111111111111,84.85600000000001,0.12280701754385964,0.017543859649122806,0.017543859649122806,-0.2506139324582593
Zebby Matthews,805673,88,0.2434864864864865,0.17307692307692307,0.4220202702702703,83.7,0.11363636363636363,0.06818181818181818,0.0,0.21439929813164013
