date,phase,away,home,venue_id,venue,home_score,away_score,y_home,p_home,pred_home,projected_total,away_expected_runs,home_expected_runs,logit,x_off,x_starter,x_bullpen,x_park,x_weather,x_context,W_OFF,W_ST,W_BP,W_PK,W_WX,W_CTX,HFA,p_home_raw,projected_margin
2026-02-21,spring,ATH,CWS,4,Rate Field,11,2,1,0.583558967877037,1,9.05758995677039,4.298355146432006,4.759234810338382,0.3846635572527742,0.5914999865592652,0.12940264495369,0.7754554433066454,-0.0296507225243368,0.0,0.5054881941640811,0.2924048675177554,0.3541690261426544,0.0678589849580613,0.0197932267058392,0.0130232744155196,0.1008827065402926,0.0628459203611123,0.5949974020009665,
2026-02-21,spring,ATL,TB,12,Tropicana Field,1,5,0,0.4812958342129947,0,9.08692901817971,4.592340243039457,4.494588775140253,-0.0313219309160109,-0.0938510738596922,-0.1335781807864915,0.0,0.025,0.0,-0.1973669978354058,0.2924048675177554,0.3541690261426544,0.0678589849580613,0.0197932267058392,0.0130232744155196,0.1008827065402926,0.0628459203611123,0.4921701573915031,
2026-02-21,spring,BOS,MIN,3312,Target Field,2,7,0,0.5063663556597321,1,8.504824806977034,4.269172884903057,4.235651922073977,0.0699049202770853,-0.174213339295318,0.1666071759576808,0.0,-0.0302847898268998,0.0003199999999999,-0.0040840169343533,0.2924048675177554,0.3541690261426544,0.0678589849580613,0.0197932267058392,0.0130232744155196,0.1008827065402926,0.0628459203611123,0.5174691167905946,
2026-02-21,spring,CIN,CLE,5,Progressive Field,4,2,1,0.5029130242767677,1,8.04111476624229,4.041547068323684,3.999567697918605,0.0559652486521883,0.2983121764831923,-0.1800108856837454,0.0,0.0114505967380369,0.008,-0.3041666463910538,0.2924048675177554,0.3541690261426544,0.0678589849580613,0.0197932267058392,0.0130232744155196,0.1008827065402926,0.0628459203611123,0.5139876614468585,
2026-02-21,spring,CLE,MIL,32,American Family Field,6,9,0,0.6024018521856467,1,8.78003290457961,4.256299233094768,4.523733671484841,0.4634529542691152,0.0296598240043741,1.0835384967290738,0.0,0.0424592368421103,0.0112,0.0712938530043581,0.2924048675177554,0.3541690261426544,0.0678589849580613,0.0197932267058392,0.0130232744155196,0.1008827065402926,0.0628459203611123,0.6138329925277052,
2026-02-21,spring,COL,AZ,15,Chase Field,6,11,0,0.5445066721203013,1,8.773166816142039,4.280024189132279,4.49314262700976,0.2243230748485352,-0.0463254036626563,0.2689656673667045,0.6107103431356261,0.0183520195774,0.0064,0.3754344247997406,0.2924048675177554,0.3541690261426544,0.0678589849580613,0.0197932267058392,0.0130232744155196,0.1008827065402926,0.0628459203611123,0.5558467768171744,
2026-02-21,spring,DET,NYY,3313,Yankee Stadium,20,3,1,0.7007239833272311,1,8.814385207536663,3.896112172066483,4.91827303547018,0.9026594619304324,2.148292432874375,0.2281101826619356,1.208749731484688,0.0395210008368129,0.01504,0.4743148723541178,0.2924048675177554,0.3541690261426544,0.0678589849580613,0.0197932267058392,0.0130232744155196,0.1008827065402926,0.0628459203611123,0.7114957161147215,
2026-02-21,spring,HOU,WSH,3309,Nationals Park,2,1,1,0.4843571664363789,0,8.8723405772782,4.463536561843197,4.4088040154350026,-0.0189510781611436,-0.1923788280937718,-0.0927167647008703,0.0,-0.0305881930664208,0.01088,0.0768878984434861,0.2924048675177554,0.3541690261426544,0.0678589849580613,0.0197932267058392,0.0130232744155196,0.1008827065402926,0.0628459203611123,0.4952623722494957,
2026-02-21,spring,LAD,LAA,1,Angel Stadium,2,15,0,0.5910916015278119,1,9.398621176925577,4.527352283158513,4.871268893767064,0.41602420316157,0.7336567468050994,0.3748022685842526,0.0,-0.0247593554085986,0.0,0.0634419142888425,0.2924048675177554,0.3541690261426544,0.0678589849580613,0.0197932267058392,0.0130232744155196,0.1008827065402926,0.0628459203611123,0.6025314862718801,
2026-02-21,spring,MIA,NYM,3289,Citi Field,1,2,0,0.4348322477779695,0,8.139021953565978,4.292086098551423,3.846935855014554,-0.220328856902442,-1.1876353523042686,0.2605541362446646,0.0,0.0110451218158572,0.01168,-0.283055000499005,0.2924048675177554,0.3541690261426544,0.0678589849580613,0.0197932267058392,0.0130232744155196,0.1008827065402926,0.0628459203611123,0.4451395389533048,
2026-02-21,spring,PHI,TOR,14,Rogers Centre,3,0,1,0.6175282029491386,1,9.177197145596708,4.412375166737952,4.7648219788587545,0.5276156708834931,1.1908140651426766,0.4990324314929407,0.0,0.0516441844761433,0.0003199999999999,-0.6066280664679023,0.2924048675177554,0.3541690261426544,0.0678589849580613,0.0197932267058392,0.0130232744155196,0.1008827065402926,0.0628459203611123,0.6289268335787719,
2026-02-21,spring,PIT,BAL,2,Oriole Park at Camden Yards,2,8,0,0.6498719761422618,1,8.55060101654897,4.015747877052486,4.5348531394964855,0.6682847971760701,1.2829057198415803,0.6238631002078161,0.8023157877751708,-0.0143182534687413,0.0216,-0.4468974087913694,0.2924048675177554,0.3541690261426544,0.0678589849580613,0.0197932267058392,0.0130232744155196,0.1008827065402926,0.0628459203611123,0.661118990271361,
2026-02-21,spring,SD,KC,7,Kauffman Stadium,3,10,0,0.3718573019360894,0,8.02380766859309,4.258440311831485,3.765367356761605,-0.4847972381548461,-1.1415798261482113,-0.6538905473396461,0.2016222724456391,0.0021208703165023,0.0128,0.038238051542312,0.2924048675177554,0.3541690261426544,0.0678589849580613,0.0197932267058392,0.0130232744155196,0.1008827065402926,0.0628459203611123,0.3811199689841479,
2026-02-21,spring,SF,SEA,680,T-Mobile Park,5,10,0,0.6097862532305048,1,8.772376668831175,4.248717967035207,4.523658701795969,0.4946639563011381,0.3796520409310633,1.234265904829379,-1.964560698213746,0.0439400052152985,0.0064,0.1588697376608543,0.2924048675177554,0.3541690261426544,0.0678589849580613,0.0197932267058392,0.0130232744155196,0.1008827065402926,0.0628459203611123,0.6212045241499435,
2026-02-21,spring,TEX,CHC,17,Wrigley Field,2,3,0,0.4537233383975799,0,8.63090289966221,4.42581863750526,4.20508426215695,-0.1431115235867912,-0.2942509574785029,-0.1865255029228953,-0.7234228484498002,0.0268972012137707,0.0096,-0.0537469881499048,0.2924048675177554,0.3541690261426544,0.0678589849580613,0.0197932267058392,0.0130232744155196,0.1008827065402926,0.0628459203611123,0.4642830579225783,
2026-02-21,spring,WSH,STL,2889,Busch Stadium,2,6,0,0.5683614469168972,1,8.452786303813014,4.122591125108404,4.330195178704609,0.3218683794232186,0.661602543431559,0.2747973985211769,0.0,-0.0037542279344448,0.00224,-0.3143545307004787,0.2924048675177554,0.3541690261426544,0.0678589849580613,0.0197932267058392,0.0130232744155196,0.1008827065402926,0.0628459203611123,0.5797795229244985,
2026-02-22,spring,BAL,DET,2394,Comerica Park,4,4,0,0.3490184089893194,0,9.176191831191671,4.883302562434549,4.292889268757123,-0.5847941729990123,-0.7000830341665235,-0.920741636252568,-1.7108876040800487,-0.0012449826965857,0.022,-0.0098828780376853,0.2924048675177554,0.3541690261426544,0.0678589849580613,0.0197932267058392,0.0130232744155196,0.1008827065402926,0.0628459203611123,0.3578302021815825,
2026-02-22,spring,CHC,SF,2395,Oracle Park,4,2,1,0.4443719020280863,0,8.52504290188062,4.325816707483781,4.199226194396839,-0.1812532514032072,-0.5330984618558046,-0.598646289761414,1.5934861272018377,0.001822750967959,0.0144,0.1531226006481103,0.2924048675177554,0.3541690261426544,0.0678589849580613,0.0197932267058392,0.0130232744155196,0.1008827065402926,0.0628459203611123,0.4548103364878978,
2026-02-22,spring,CLE,ATH,2529,Sutter Health Park,0,6,0,0.4377939252750394,0,8.990459818280637,4.734361602640192,4.256098215640446,-0.2081776862005999,-1.0455882043489702,0.1574826009442921,0.948364600902629,-0.0182796773901402,0.0064,-0.843956143392594,0.2924048675177554,0.3541690261426544,0.0678589849580613,0.0197932267058392,0.0130232744155196,0.1008827065402926,0.0628459203611123,0.4481427256415068,
2026-02-22,spring,COL,TEX,5325,Globe Life Field,9,5,1,0.361277638142466,0,7.815709844865104,4.151101176913993,3.6646086679511103,-0.5307758179387062,-1.178538153087013,-0.7974293407156909,0.1123386260746687,0.020869902499315,0.0128,0.2498977509685396,0.2924048675177554,0.3541690261426544,0.0678589849580613,0.0197932267058392,0.0130232744155196,0.1008827065402926,0.0628459203611123,0.3703359589998674,
2026-02-22,spring,KC,MIL,32,American Family Field,3,7,0,0.4183306321963728,0,9.288524140336104,4.80536968056323,4.483154459772873,-0.2884076396871677,-0.8776489130866989,-0.4563202502861417,1.146242936473293,0.0423266102874977,0.0003199999999999,-0.1153327211512531,0.2924048675177554,0.3541690261426544,0.0678589849580613,0.0197932267058392,0.0130232744155196,0.1008827065402926,0.0628459203611123,0.4283937478525488,
2026-02-22,spring,LAA,AZ,15,Chase Field,9,10,0,0.4119456197198506,0,9.119296180298251,4.691381747674532,4.42791443262372,-0.3149437820393257,-0.3362269742165222,-0.7471893715593285,-0.376970460332295,0.0112607316104374,0.0,0.1042198456485072,0.2924048675177554,0.3541690261426544,0.0678589849580613,0.0197932267058392,0.0130232744155196,0.1008827065402926,0.0628459203611123,0.4219084787124744,
2026-02-22,spring,LAD,SD,2680,Petco Park,1,5,0,0.5185828916889411,1,8.1796440758356,4.105555173903203,4.074088901932398,0.1192467596032365,0.2942802779580211,0.2825821796382183,-1.9403429910869432,0.0371812694186758,0.01632,0.0098255383043398,0.2924048675177554,0.3541690261426544,0.0678589849580613,0.0197932267058392,0.0130232744155196,0.1008827065402926,0.0628459203611123,0.5297764137319076,
2026-02-22,spring,MIL,CWS,4,Rate Field,5,2,1,0.5355049290227774,1,8.481383227892929,4.120280684300198,4.361102543592731,0.1877549141269112,0.4200707281667685,-0.1648191561187774,0.5074445251581821,-0.0305789664498813,0.01792,0.2615841505788351,0.2924048675177554,0.3541690261426544,0.0678589849580613,0.0197932267058392,0.0130232744155196,0.1008827065402926,0.0628459203611123,0.5468013229149665,
2026-02-22,spring,MIN,ATL,4705,Truist Park,1,8,0,0.6678245553873275,1,8.448734219323166,3.922271727869769,4.526462491453397,0.748893930894398,0.9648588149777928,0.9125422068122132,1.3627305346179284,-0.0268789719902399,0.0048,-0.1118089462774297,0.2924048675177554,0.3541690261426544,0.0678589849580613,0.0197932267058392,0.0130232744155196,0.1008827065402926,0.0628459203611123,0.6789376445059188,
2026-02-22,spring,NYM,NYY,3313,Yankee Stadium,4,6,0,0.7277492549109248,1,8.957140854765314,3.9952471904664,4.9618936642989135,1.0363444967159483,2.094401248119124,1.1736144763375018,-1.6157257280650956,0.0434309764702561,0.0,0.5373510613566537,0.2924048675177554,0.3541690261426544,0.0678589849580613,0.0197932267058392,0.0130232744155196,0.1008827065402926,0.0628459203611123,0.7381440586710514,
2026-02-22,spring,PIT,PHI,2681,Citizens Bank Park,3,4,0,0.5840954517433201,1,7.698396523499104,3.779812762522263,3.918583760976841,0.3868915505080563,0.3162622706248335,1.0316407668806806,-1.9064628354586843,0.0389507216270319,0.0,-0.0516097426283186,0.2924048675177554,0.3541690261426544,0.0678589849580613,0.0197932267058392,0.0130232744155196,0.1008827065402926,0.0628459203611123,0.5955341799424115,
2026-02-22,spring,SEA,CIN,2602,Great American Ball Park,8,14,0,0.5674205171746444,1,9.14399931804546,4.447548571101814,4.696450746943644,0.317999241540733,0.1065423606041615,0.3224500246210759,1.5734718764276476,0.0110596042367874,0.01792,0.0254901806731896,0.2924048675177554,0.3541690261426544,0.0678589849580613,0.0197932267058392,0.0130232744155196,0.1008827065402926,0.0628459203611123,0.5788365747444228,
2026-02-22,spring,STL,HOU,2392,Daikin Park,5,6,0,0.5771510737701722,1,7.748867574123753,3.815018955742645,3.933848618381108,0.3581137440458368,0.2809491379571036,0.8847799707115016,-1.2736012971661843,0.0104856708618334,0.00368,-0.1395175891128566,0.2924048675177554,0.3541690261426544,0.0678589849580613,0.0197932267058392,0.0130232744155196,0.1008827065402926,0.0628459203611123,0.5885837481161098,
2026-02-22,spring,TB,PIT,31,PNC Park,7,4,1,0.4449184318547241,0,7.257650064199829,3.6270323923571217,3.630617671842708,-0.1790199622609689,-0.7471812168540974,-0.541954026893461,1.0952584275098278,0.0092503594003219,0.0,0.9322772517703908,0.2924048675177554,0.3541690261426544,0.0678589849580613,0.0197932267058392,0.0130232744155196,0.1008827065402926,0.0628459203611123,0.4553641538229355,
2026-02-22,spring,TOR,BOS,3,Fenway Park,11,10,1,0.4649368548264057,0,8.958424587436014,4.582049339103318,4.376375248332694,-0.0975478521218517,-1.5339880408023994,0.7495240577246003,-0.8143983574555252,0.0439739906402413,0.02328,0.7611241935737612,0.2924048675177554,0.3541690261426544,0.0678589849580613,0.0197932267058392,0.0130232744155196,0.1008827065402926,0.0628459203611123,0.4756323566011466,
2026-02-22,spring,WSH,MIA,4169,loanDepot park,8,16,0,0.3189447067776427,0,9.06866806255542,4.84172749301779,4.226940569537631,-0.7212881860475164,-1.1448373358394672,-1.441427322820876,1.093017925304499,-0.0130589476024042,0.02568,-0.1300146684473961,0.2924048675177554,0.3541690261426544,0.0678589849580613,0.0197932267058392,0.0130232744155196,0.1008827065402926,0.0628459203611123,0.327109378680773,
2026-02-23,spring,ATH,SF,2395,Oracle Park,6,2,1,0.4893717744450231,0,8.600853969340843,4.203955831243709,4.396898138097135,0.0013031475809991,0.5811407549914351,-0.928226863739435,0.6907333740829419,0.0111927289601591,0.0088,0.4963133638662704,0.2924048675177554,0.3541690261426544,0.0678589849580613,0.0197932267058392,0.0130232744155196,0.1008827065402926,0.0628459203611123,0.5003257868491456,
2026-02-23,spring,ATL,BAL,2,Oriole Park at Camden Yards,7,10,0,0.5690488339185137,1,8.313706828547033,3.981906718718396,4.331800109828638,0.3246962213339467,1.110437048759083,-0.2647646809895573,0.8385315291431047,-0.0194743280566116,0.02472,-0.2568708037124857,0.2924048675177554,0.3541690261426544,0.0678589849580613,0.0197932267058392,0.0130232744155196,0.1008827065402926,0.0628459203611123,0.5804683289760496,
2026-02-23,spring,AZ,CLE,5,Progressive Field,9,5,1,0.6210498488070068,1,8.589732798761133,4.043273980369573,4.546458818391559,0.5426877941057615,1.0649900281776714,0.2154152695139781,1.505130716305425,0.0231594765886966,0.00128,-0.1037989971815503,0.2924048675177554,0.3541690261426544,0.0678589849580613,0.0197932267058392,0.0130232744155196,0.1008827065402926,0.0628459203611123,0.6324374453336925,
2026-02-23,spring,BOS,TB,12,Tropicana Field,2,1,1,0.4539787753492657,0,8.085319206756553,4.204181488155683,3.881137718600871,-0.1420716645843878,-1.0598799199550748,0.2669612730305644,0.6561440149893016,0.0235245361274853,0.0,-0.3424159200145055,0.2924048675177554,0.3541690261426544,0.0678589849580613,0.0197932267058392,0.0130232744155196,0.1008827065402926,0.0628459203611123,0.4645417057081236,
2026-02-23,spring,CHC,KC,7,Kauffman Stadium,2,3,0,0.5401365196041902,1,8.178665282823744,4.08935565242648,4.089309630397263,0.2065567617406867,-0.1470814921676566,0.7749275921164981,-1.3466207705045683,-0.0032060502108852,0.0072,0.0358123232102394,0.2924048675177554,0.3541690261426544,0.0678589849580613,0.0197932267058392,0.0130232744155196,0.1008827065402926,0.0628459203611123,0.5514563685850874,
2026-02-23,spring,CWS,COL,19,Coors Field,5,4,1,0.5098349639887402,1,9.856343301888868,5.048906974596687,4.80743632729218,0.0839087293095585,-0.5604426303352785,0.910523861456254,-1.4855028422019032,-0.0042436098077327,0.01568,-0.3653339974743649,0.2924048675177554,0.3541690261426544,0.0678589849580613,0.0197932267058392,0.0130232744155196,0.1008827065402926,0.0628459203611123,0.5209648831933934,
2026-02-23,spring,MIA,STL,2889,Busch Stadium,5,4,1,0.4660698136902032,0,7.920062456852447,4.059213100321436,3.8608493565310105,-0.0929531040161067,-1.055187065385369,0.301728931586792,0.2797494040593538,-0.0090510212536459,0.00128,0.2682197700110711,0.2924048675177554,0.3541690261426544,0.0678589849580613,0.0197932267058392,0.0130232744155196,0.1008827065402926,0.0628459203611123,0.4767784416516705,
2026-02-23,spring,MIL,SD,2680,Petco Park,7,5,1,0.404123879504327,0,8.824727422020711,4.53301415440781,4.2917132676129,-0.3476202905965334,-0.3327411684397958,-1.108843287141549,1.1344956296404178,0.0342912209873192,0.00128,0.0184942292330685,0.2924048675177554,0.3541690261426544,0.0678589849580613,0.0197932267058392,0.0130232744155196,0.1008827065402926,0.0628459203611123,0.4139596131150493,
2026-02-23,spring,MIN,DET,2394,Comerica Park,0,3,0,0.3917923466141452,0,7.759464339501136,4.210265470395971,3.549198869105165,-0.3995594758584038,-1.1883058084425548,0.1293558176167032,-1.8395423405382447,-0.0002282507085888,0.00272,-0.3563965360129753,0.2924048675177554,0.3541690261426544,0.0678589849580613,0.0197932267058392,0.0130232744155196,0.1008827065402926,0.0628459203611123,0.4014181851461615,
2026-02-23,spring,NYM,TOR,14,Rogers Centre,3,4,0,0.6633226894191896,1,7.744386724755882,3.5076855788730783,4.2367011458828046,0.728485198787831,2.294428877513157,0.1198839177352809,-0.4532010060203538,0.0521615971833473,0.02616,-0.1818095437909208,0.2924048675177554,0.3541690261426544,0.0678589849580613,0.0197932267058392,0.0130232744155196,0.1008827065402926,0.0628459203611123,0.6744727719021517,
2026-02-23,spring,NYY,PIT,31,PNC Park,2,6,0,0.4795470425414695,0,8.15216092681105,4.189920894230297,3.962240032580752,-0.038391290814601,-0.7614909413622721,0.293908071581501,0.7538106264629849,0.0185092981174138,0.0031999999999999,-0.3392806080082192,0.2924048675177554,0.3541690261426544,0.0678589849580613,0.0197932267058392,0.0130232744155196,0.1008827065402926,0.0628459203611123,0.4904033559681702,
2026-02-23,spring,PHI,WSH,3309,Nationals Park,5,5,0,0.5779929100316564,1,8.181366428883896,3.968355977000354,4.213010451883542,0.3615953858314648,1.0617071686221224,-0.0182049526817078,0.953830232538413,-0.0313572412926139,0.0104,-0.6888393759911381,0.2924048675177554,0.3541690261426544,0.0678589849580613,0.0197932267058392,0.0130232744155196,0.1008827065402926,0.0628459203611123,0.589426577045342,
2026-02-23,spring,SEA,LAD,22,Dodger Stadium,3,0,1,0.563662287822671,1,8.919304892540708,4.340034592234973,4.579270300305734,0.3025649081280987,-0.3220424222398714,0.3884058089292781,2.875530243491028,0.0391153443311701,0.00176,0.0039327761278763,0.2924048675177554,0.3541690261426544,0.0678589849580613,0.0197932267058392,0.0130232744155196,0.1008827065402926,0.0628459203611123,0.5750694098807702,
2026-02-23,spring,TEX,LAA,1,Angel Stadium,0,6,0,0.485372117188066,0,10.102941484935272,5.070602680466816,5.0323388044684565,-0.0148507518855409,0.4266391187456795,-0.5551930717825427,0.3664743685919212,-0.0300251491519283,0.00816,-0.2993217839167245,0.2924048675177554,0.3541690261426544,0.0678589849580613,0.0197932267058392,0.0130232744155196,0.1008827065402926,0.0628459203611123,0.4962873802616218,
2026-02-24,spring,AZ,TEX,5325,Globe Life Field,4,6,0,0.372345960019661,0,8.281512419257655,4.456908389151177,3.824604030106478,-0.4826868158014862,-2.198649166830104,0.1240894492600012,0.620355769278367,0.0302587192002037,0.00992,0.1049686488327078,0.2924048675177554,0.3541690261426544,0.0678589849580613,0.0197932267058392,0.0130232744155196,0.1008827065402926,0.0628459203611123,0.3816178738423438,
2026-02-24,spring,BAL,MIN,3312,Target Field,5,10,0,0.4814234893652429,0,8.459933323400714,4.277912102062169,4.182021221338545,-0.0308059691302833,-0.6816188523645925,0.0347105215344013,1.321656807499799,-0.0327131984289594,0.00992,0.0415869946172244,0.2924048675177554,0.3541690261426544,0.0678589849580613,0.0197932267058392,0.0130232744155196,0.1008827065402926,0.0628459203611123,0.4922991167242789,
2026-02-24,spring,CLE,LAD,22,Dodger Stadium,11,3,1,0.5136397420815286,1,8.588618308599646,4.304279684301871,4.2843386242977735,0.0992742041643176,-0.9349932478967404,0.5214519431164588,1.6296266371547246,0.039901185334871,0.0035199999999999,0.1360224124654088,0.2924048675177554,0.3541690261426544,0.0678589849580613,0.0197932267058392,0.0130232744155196,0.1008827065402926,0.0628459203611123,0.5247981881139141,
2026-02-24,spring,CWS,SEA,680,T-Mobile Park,10,12,0,0.4397232233961304,0,8.727869210972464,4.535709861087435,4.192159349885031,-0.2002719966143024,-0.4206365738654659,-0.1606125734116434,-0.7109951043996471,0.0443955699165268,0.0003199999999999,-0.3555934487994761,0.2924048675177554,0.3541690261426544,0.0678589849580613,0.0197932267058392,0.0130232744155196,0.1008827065402926,0.0628459203611123,0.4500986799307141,
2026-02-24,spring,DET,ATL,4705,Truist Park,8,1,1,0.6172011049170832,1,7.333070143501158,3.379245013522607,3.953825129978551,0.5262184461118531,1.1196640302791252,0.2457893869139524,-0.0414587094106493,-0.0308429617684687,0.00272,0.5185698488233805,0.2924048675177554,0.3541690261426544,0.0678589849580613,0.0197932267058392,0.0130232744155196,0.1008827065402926,0.0628459203611123,0.628600693537711,
2026-02-24,spring,HOU,NYM,3289,Citi Field,6,6,0,0.529237402399898,1,8.157573273015082,4.0821101171843335,4.075463155830749,0.1623509577161742,-0.5767887668546956,0.6455804822711105,0.3419729550051813,0.0056308492823242,0.00128,0.1604061794913021,0.2924048675177554,0.3541690261426544,0.0678589849580613,0.0197932267058392,0.0130232744155196,0.1008827065402926,0.0628459203611123,0.5404988233787323,
2026-02-24,spring,KC,CIN,2602,Great American Ball Park,5,4,1,0.5470468885658981,1,9.524391352593774,4.620343807906045,4.90404754468773,0.2346626449703409,0.3113486376043829,-0.0349409734977452,0.8940246105712673,0.0038061106638527,0.0067199999999999,0.3203861685228184,0.2924048675177554,0.3541690261426544,0.0678589849580613,0.0197932267058392,0.0130232744155196,0.1008827065402926,0.0628459203611123,0.5583979258082234,
2026-02-24,spring,LAA,COL,19,Coors Field,7,5,1,0.5473842783240341,1,10.171902866607294,4.932552775092021,5.239350091515273,0.2360366779480965,0.1833827778516005,0.0279402494772857,0.861930601978655,-0.0054156338039773,0.0067199999999999,0.5075509196935417,0.2924048675177554,0.3541690261426544,0.0678589849580613,0.0197932267058392,0.0130232744155196,0.1008827065402926,0.0628459203611123,0.5587367209251727,
2026-02-24,spring,MIL,ATH,2529,Sutter Health Park,0,10,0,0.470257373638967,0,9.224889678973922,4.791202119551252,4.43368755942267,-0.075982273413787,-1.1992261510469242,0.6047468722182296,0.8244858866602796,-0.0255557130089529,0.0,-0.572884968022321,0.2924048675177554,0.3541690261426544,0.0678589849580613,0.0197932267058392,0.0130232744155196,0.1008827065402926,0.0628459203611123,0.4810135653089749,
2026-02-24,spring,MIN,TB,12,Tropicana Field,12,1,1,0.3803814266515723,0,7.805588269680607,4.179426890026816,3.626161379653791,-0.448140661251159,-0.7954397380147837,-0.4091137881116432,-1.776348071349239,0.024046379332509,0.0,-0.1331791872665011,0.2924048675177554,0.3541690261426544,0.0678589849580613,0.0197932267058392,0.0130232744155196,0.1008827065402926,0.0628459203611123,0.3898029313308302,
2026-02-24,spring,NYY,TOR,14,Rogers Centre,7,8,0,0.4528073510349205,0,8.7803286695397,4.498430888432925,4.281897781106773,-0.1468412387179574,0.0507301228249618,-0.5209140634604161,0.1711922902974778,0.0527926013137997,0.00416,-0.5228380261784852,0.2924048675177554,0.3541690261426544,0.0678589849580613,0.0197932267058392,0.0130232744155196,0.1008827065402926,0.0628459203611123,0.4633555117745888,
2026-02-24,spring,PHI,MIA,4169,loanDepot park,6,1,1,0.5240843732205583,1,8.02247858717532,3.94132952564733,4.081149061527989,0.1414926911230465,0.6340620755491644,-0.2768582070210812,0.0944017815573748,-0.0203896718456829,0.0,-0.1457523995784014,0.2924048675177554,0.3541690261426544,0.0678589849580613,0.0197932267058392,0.0130232744155196,0.1008827065402926,0.0628459203611123,0.5353142759118619,
2026-02-24,spring,PIT,BOS,3,Fenway Park,7,16,0,0.4030410713252225,0,9.207207258221626,4.776703551625768,4.430503706595858,-0.3521595416963152,-0.5418449152620683,-0.5047075878081003,-1.6419048316574294,0.0476461309318373,0.0112,0.3222899990508302,0.2924048675177554,0.3541690261426544,0.0678589849580613,0.0197932267058392,0.0130232744155196,0.1008827065402926,0.0628459203611123,0.4128588359891836,
2026-02-24,spring,SD,CHC,17,Wrigley Field,6,5,1,0.6163910088099088,1,8.954201172874324,4.364476642041873,4.589724530832452,0.5227600058136658,-0.4108074762173812,1.711560918523192,-0.5588778656763529,0.0214171059373146,0.0003199999999999,0.1125181054573744,0.2924048675177554,0.3541690261426544,0.0678589849580613,0.0197932267058392,0.0130232744155196,0.1008827065402926,0.0628459203611123,0.6277929211694447,
2026-02-24,spring,SF,LAA,1,Angel Stadium,1,4,0,0.4381877999036661,0,8.826722504979003,4.532736633806112,4.2939858711728895,-0.2065630868403787,0.2519377421873399,-0.7179966754598505,-0.8544690053776158,-0.0333435633455558,0.0056,-0.299498311341943,0.2924048675177554,0.3541690261426544,0.0678589849580613,0.0197932267058392,0.0130232744155196,0.1008827065402926,0.0628459203611123,0.4485420668878312,
2026-02-24,spring,STL,WSH,3309,Nationals Park,6,1,1,0.6574244666285646,1,8.094487859736017,3.72340561473032,4.371082245005696,0.7019481039983944,1.6482425116149224,0.3319794342581309,0.882791559834003,-0.0322525676250381,0.0064,-0.1960602463078672,0.2924048675177554,0.3541690261426544,0.0678589849580613,0.0197932267058392,0.0130232744155196,0.1008827065402926,0.0628459203611123,0.6686195502956448,
2026-02-25,spring,BOS,MIN,3312,Target Field,3,5,0,0.4602949386483579,0,8.483821235090417,4.300693950249122,4.183127284841296,-0.1163891278828829,-0.1602249224449621,-0.4902328205202316,0.8737790641724431,-0.0335739383312475,0.0,-0.1723629826408357,0.2924048675177554,0.3541690261426544,0.0678589849580613,0.0197932267058392,0.0130232744155196,0.1008827065402926,0.0628459203611123,0.470935520616446,
2026-02-25,spring,CIN,CWS,4,Rate Field,2,3,0,0.3997187795878985,0,8.50924425200293,4.497162393654688,4.0120818583482425,-0.3661119104270504,-0.4327789963188723,-0.4844157402377778,-1.570471690114785,-0.0295957486417957,0.00176,-0.2350512427165383,0.2924048675177554,0.3541690261426544,0.0678589849580613,0.0197932267058392,0.0130232744155196,0.1008827065402926,0.0628459203611123,0.409480854104805,
2026-02-25,spring,COL,CHC,17,Wrigley Field,7,14,0,0.3965879178074091,0,8.993579845062,4.634539384017208,4.359040461044791,-0.3792958311444248,-0.754438224746964,-0.7752107545623399,0.4168725658492302,0.0297328500412857,0.0007999999999999,0.2391670449934575,0.2924048675177554,0.3541690261426544,0.0678589849580613,0.0197932267058392,0.0130232744155196,0.1008827065402926,0.0628459203611123,0.4062967452518868,
2026-02-25,spring,DET,PHI,2681,Citizens Bank Park,5,3,1,0.6073742741444632,1,7.268382096483396,3.385759021822716,3.882623074660681,0.4844468200593725,0.9986711124827704,0.258258903285944,-0.0086174085399432,0.0394885531558182,0.0,0.3758866618622974,0.2924048675177554,0.3541690261426544,0.0678589849580613,0.0197932267058392,0.0130232744155196,0.1008827065402926,0.0628459203611123,0.6187973753199215,
2026-02-25,spring,HOU,MIA,4169,loanDepot park,1,4,0,0.4800330878699975,0,8.235241009352535,4.22499258663319,4.010248422719345,-0.0364262929309496,-0.4835761343960671,0.3462161373747447,-1.1346537788556017,-0.0129441447033001,0.0,-0.0321023294931886,0.2924048675177554,0.3541690261426544,0.0678589849580613,0.0197932267058392,0.0130232744155196,0.1008827065402926,0.0628459203611123,0.4908944335738961,
2026-02-25,spring,LAA,SD,2680,Petco Park,7,3,1,0.5673348725021142,1,8.564510945607449,4.153850486901434,4.410660458706015,0.3176471672113165,0.4594115999936765,0.1297705674561252,1.1040673192582924,0.0387138333142891,0.00496,-0.0123451427253627,0.2924048675177554,0.3541690261426544,0.0678589849580613,0.0197932267058392,0.0130232744155196,0.1008827065402926,0.0628459203611123,0.5787507419948676,
2026-02-25,spring,LAD,AZ,15,Chase Field,7,10,0,0.5808825291337393,1,9.31265528700759,4.562818209542687,4.749837077464902,0.3735605884745504,0.3523670745730258,0.9921499812344564,-2.390702586884949,0.0040337133301234,0.00128,0.1826494275868438,0.2924048675177554,0.3541690261426544,0.0678589849580613,0.0197932267058392,0.0130232744155196,0.1008827065402926,0.0628459203611123,0.5923190611450263,
2026-02-25,spring,PIT,ATL,4705,Truist Park,3,1,1,0.5443408558889106,1,8.651331596946935,4.19864795107524,4.452683645871695,0.2236484783531079,1.0615960645944005,-0.3152229919817384,-0.7055173481184509,-0.0265270429993034,0.0112,0.1019382610123206,0.2924048675177554,0.3541690261426544,0.0678589849580613,0.0197932267058392,0.0130232744155196,0.1008827065402926,0.0628459203611123,0.5556802253986682,
2026-02-25,spring,SEA,KC,7,Kauffman Stadium,8,8,0,0.5023248534591498,1,8.445989614866466,4.21680606973596,4.229183545130505,0.0535911946060001,-0.3646287625136003,0.3029295588940924,-0.8429830325522638,-0.01198668296738,0.00224,0.4707277384863524,0.2924048675177554,0.3541690261426544,0.0678589849580613,0.0197932267058392,0.0130232744155196,0.1008827065402926,0.0628459203611123,0.5133945930143312,
2026-02-25,spring,SF,MIL,32,American Family Field,13,12,1,0.533097571490663,1,9.251890267102713,4.635817489965239,4.616072777137472,0.177992317095316,0.2171709283457045,0.637786234116036,-2.5235047783830664,0.0343045080791664,0.00176,-0.036666485454988,0.2924048675177554,0.3541690261426544,0.0678589849580613,0.0197932267058392,0.0130232744155196,0.1008827065402926,0.0628459203611123,0.5443809706548414,
2026-02-25,spring,STL,NYM,3289,Citi Field,0,6,0,0.5519710575304674,1,7.44284388592197,3.605835907119652,3.837007978802318,0.254734655241089,0.3295726826864693,0.1924963466151529,-0.0131992582949193,0.0050946371702821,0.0,0.2789247490621132,0.2924048675177554,0.3541690261426544,0.0678589849580613,0.0197932267058392,0.0130232744155196,0.1008827065402926,0.0628459203611123,0.5633415157722151,
2026-02-25,spring,TB,BAL,2,Oriole Park at Camden Yards,4,3,1,0.6898838492574096,1,8.16753240749361,3.658053385966376,4.509479021527234,0.8510246245965428,2.08009290636218,0.3219612750127896,1.0255363988093011,-0.028438760615055,0.0,-0.030810651619157,0.2924048675177554,0.3541690261426544,0.0678589849580613,0.0197932267058392,0.0130232744155196,0.1008827065402926,0.0628459203611123,0.700782036685568,
2026-02-25,spring,TEX,CLE,5,Progressive Field,4,11,0,0.6321133089551709,1,8.466113524302989,3.91030728692509,4.555806237377898,0.590403011588031,1.2728128179675209,0.0637859327766129,1.908915160107824,0.031188009308439,0.00224,0.0258309635128723,0.2924048675177554,0.3541690261426544,0.0678589849580613,0.0197932267058392,0.0130232744155196,0.1008827065402926,0.0628459203611123,0.6434576099229066,
2026-02-25,spring,TOR,DET,2394,Comerica Park,4,4,0,0.2736410191398245,0,8.543916086150395,4.833891707210939,3.710024378939456,-0.9408602523901952,-2.881991716001832,-0.2711751477801216,-0.9614764223109956,-0.0091267199222799,0.0112,0.0032083972579056,0.2924048675177554,0.3541690261426544,0.0678589849580613,0.0197932267058392,0.0130232744155196,0.1008827065402926,0.0628459203611123,0.2807266083657835,
2026-02-25,spring,WSH,NYY,3313,Yankee Stadium,7,0,1,0.5728969449094101,1,7.781376594605726,3.7180579923303054,4.06331860227542,0.3405475220581788,0.198950427390201,0.4606415769332475,-0.3340260363424132,0.0418247074846961,0.0,0.7753694777958606,0.2924048675177554,0.3541690261426544,0.0678589849580613,0.0197932267058392,0.0130232744155196,0.1008827065402926,0.0628459203611123,0.5843235164556153,
2026-03-09,spring,ATH,CIN,2602,Great American Ball Park,7,9,0,0.5303011071381045,1,10.21430076813468,5.09865251964973,5.11564824848495,0.1666595823572464,0.3490289569292744,0.0978685418474327,0.1296358466255174,0.0327346793587889,0.0096,-0.4210435748374739,0.2924048675177554,0.3541690261426544,0.0678589849580613,0.0197932267058392,0.0130232744155196,0.1008827065402926,0.0628459203611123,0.541568724381358,
2026-03-09,spring,BAL,STL,2889,Busch Stadium,7,2,1,0.4857994015079494,0,8.497850866733685,4.332393467998136,4.165457398735549,-0.0131247024515591,-0.88811765063569,0.4247226746060232,0.6271529570997185,-0.0236334944540742,0.016,-0.0892409368496329,0.2924048675177554,0.3541690261426544,0.0678589849580613,0.0197932267058392,0.0130232744155196,0.1008827065402926,0.0628459203611123,0.4967188714869772,
2026-03-09,spring,CLE,KC,7,Kauffman Stadium,2,6,0,0.480712976426877,0,8.124494187585139,4.115823031013555,4.008671156571583,-0.033677875650061,0.086648384222073,-0.1399226544863119,-0.983429154865002,0.0083584173345365,0.008,-0.0578796630563971,0.2924048675177554,0.3541690261426544,0.0678589849580613,0.0197932267058392,0.0130232744155196,0.1008827065402926,0.0628459203611123,0.4915813267768891,
2026-03-09,spring,COL,CWS,4,Rate Field,12,3,1,0.5975900239791023,1,8.572671698842823,4.03733306930614,4.535338629536684,0.4432219870064349,1.3290713789456072,-0.1896371827208445,0.8420351464568985,-0.0353337875854334,0.0032,0.0240951836392905,0.2924048675177554,0.3541690261426544,0.0678589849580613,0.0197932267058392,0.0130232744155196,0.1008827065402926,0.0628459203611123,0.6090264973899018,
2026-03-09,spring,LAA,SF,2395,Oracle Park,0,2,0,0.5099920044751403,1,9.0183828944511,4.468364419184755,4.550018475266344,0.0845428290233341,0.0012890276507789,-0.3344890272890589,2.1865399350825867,0.0395517992976019,0.008,-0.0939485176628468,0.2924048675177554,0.3541690261426544,0.0678589849580613,0.0197932267058392,0.0130232744155196,0.1008827065402926,0.0628459203611123,0.521123127309347,
2026-03-09,spring,LAD,MIL,32,American Family Field,3,4,0,0.5081194483057667,1,8.552436492200687,4.248654045911415,4.303782446289272,0.076982285667427,0.0646844163650645,-0.2624321254152129,1.4382259399594886,0.0362106735410837,0.0096,-0.1018077814098275,0.2924048675177554,0.3541690261426544,0.0678589849580613,0.0197932267058392,0.0130232744155196,0.1008827065402926,0.0628459203611123,0.5192360725047217,
2026-03-09,spring,MIA,NYM,3289,Citi Field,9,0,1,0.5316497193701247,1,7.556883981070891,3.745296686908101,3.8115872941627904,0.1721238569276858,-0.1382626144892955,0.4273754312413838,-0.5384280098466809,0.0176218464212308,0.01936,0.3397977052938671,0.2924048675177554,0.3541690261426544,0.0678589849580613,0.0197932267058392,0.0130232744155196,0.1008827065402926,0.0628459203611123,0.5429250395302249,
2026-03-09,spring,MIN,ATL,4705,Truist Park,9,8,1,0.4115844206961678,0,8.870762490980862,4.604817809969541,4.26594468101132,-0.3164485220366447,-0.8081054200854829,-0.4127961460057865,-0.0076345931418154,0.0111084320875115,0.00272,0.0343161456295077,0.2924048675177554,0.3541690261426544,0.0678589849580613,0.0197932267058392,0.0130232744155196,0.1008827065402926,0.0628459203611123,0.4215415132379614,
2026-03-09,spring,PHI,BOS,3,Fenway Park,5,3,1,0.443151143875973,0,9.02486656728615,4.674690551988952,4.350176015297198,-0.186243639990697,-0.9695933340236724,0.316355071178541,-1.4275027629227266,0.0373966668618721,0.0031999999999999,0.1830650318734867,0.2924048675177554,0.3541690261426544,0.0678589849580613,0.0197932267058392,0.0130232744155196,0.1008827065402926,0.0628459203611123,0.4535732117983034,
2026-03-09,spring,PIT,NYY,3313,Yankee Stadium,3,5,0,0.6290188866791466,1,8.396963113958677,3.982670318412652,4.414292795546025,0.5769991692956074,0.9836175069614564,0.6967892470114135,-0.0642534466679671,0.0472216003412382,0.01616,-0.1687843019476856,0.2924048675177554,0.3541690261426544,0.0678589849580613,0.0197932267058392,0.0130232744155196,0.1008827065402926,0.0628459203611123,0.6403766233256595,
2026-03-09,spring,SEA,AZ,15,Chase Field,2,1,1,0.4597913781851696,0,9.515557671616008,4.971708599247307,4.543849072368701,-0.1184346736907529,-0.6853467518490369,0.5986471604654672,-2.377574573302284,-0.018843638473847,0.0,-0.3091845684346416,0.2924048675177554,0.3541690261426544,0.0678589849580613,0.0197932267058392,0.0130232744155196,0.1008827065402926,0.0628459203611123,0.4704258926034232,
2026-03-09,spring,STL,HOU,2392,Daikin Park,10,3,1,0.4643625213187883,0,7.39269742355108,3.863563768295666,3.5291336552554142,-0.0998776361600288,-0.7880684950451167,0.534043751652614,-1.6497456726626898,0.0071519446203142,0.01136,-0.0968420265549111,0.2924048675177554,0.3541690261426544,0.0678589849580613,0.0197932267058392,0.0130232744155196,0.1008827065402926,0.0628459203611123,0.4750513272241665,
2026-03-09,spring,TB,DET,2394,Comerica Park,4,4,0,0.6521238451855002,1,8.372560560326669,3.881713661381091,4.490846898945577,0.6782859902865092,1.561035128851147,0.5798576115037526,-0.7376929640870247,-0.0064344707337952,0.00448,0.0371352520777437,0.2924048675177554,0.3541690261426544,0.0678589849580613,0.0197932267058392,0.0130232744155196,0.1008827065402926,0.0628459203611123,0.6633560408964442,
2026-03-09,spring,TEX,SD,2680,Petco Park,1,4,0,0.5539427297413875,1,9.221127168242978,4.447312740870666,4.773814427372312,0.2627830598952486,0.8670147119303719,-0.2570337817059249,0.0588566831681411,0.0424807416656082,0.0,0.3233104770787168,0.2924048675177554,0.3541690261426544,0.0678589849580613,0.0197932267058392,0.0130232744155196,0.1008827065402926,0.0628459203611123,0.5653203060829008,
2026-03-10,spring,ATL,TOR,14,Rogers Centre,7,0,1,0.6435982628767764,1,9.42742933729012,4.371452078710388,5.055977258579732,0.6405757550020913,1.2117545108190977,0.4074079686857608,0.8935196553937891,0.0559533637357272,0.01088,0.1708231948325712,0.2924048675177554,0.3541690261426544,0.0678589849580613,0.0197932267058392,0.0130232744155196,0.1008827065402926,0.0628459203611123,,
2026-03-10,spring,AZ,LAD,22,Dodger Stadium,4,1,1,0.5627350175340617,1,9.019689708091834,4.277019561605012,4.742670146486822,0.2987614724620652,0.5714257341444176,-0.2910436700299461,1.7940072820268431,0.043916156994023,0.0112,0.4872185192759397,0.2924048675177554,0.3541690261426544,0.0678589849580613,0.0197932267058392,0.0130232744155196,0.1008827065402926,0.0628459203611123,,
2026-03-10,spring,BAL,HOU,2392,Daikin Park,7,6,1,0.4461331085107735,0,8.784455845732674,4.494178834452925,4.290277011279749,-0.1740583606742979,-0.2132589528453994,-0.5044372949038718,0.0657676972053872,0.015195550569438,0.00272,-0.0068334918671052,0.2924048675177554,0.3541690261426544,0.0678589849580613,0.0197932267058392,0.0130232744155196,0.1008827065402926,0.0628459203611123,,
2026-03-10,spring,CHC,TEX,5325,Globe Life Field,8,3,1,0.6903674523055782,1,9.289165167682045,4.279894195622962,5.00927097205908,0.853306492347113,1.585836835974897,1.2006629334789096,-1.2075464676844756,0.0148797022041336,0.008,-0.1679106987347037,0.2924048675177554,0.3541690261426544,0.0678589849580613,0.0197932267058392,0.0130232744155196,0.1008827065402926,0.0628459203611123,,
2026-03-10,spring,CIN,COL,19,Coors Field,1,8,0,0.3285230347680362,0,12.485778224074355,6.622616768505027,5.863161455569328,-0.6771389820302516,-1.644788823772322,-0.8774322433029196,0.5962717017769953,-0.0115273346110405,0.0128,0.1121872322453491,0.2924048675177554,0.3541690261426544,0.0678589849580613,0.0197932267058392,0.0130232744155196,0.1008827065402926,0.0628459203611123,,
2026-03-10,spring,CWS,ATH,2529,Sutter Health Park,11,7,1,0.460328877183399,0,13.07482183538107,6.697604955053919,6.37721688032715,-0.1162512758361422,-0.0657936867020743,0.1646859216817926,-3.329038691097195,-0.0336468535997962,0.0176,0.0808513417228874,0.2924048675177554,0.3541690261426544,0.0678589849580613,0.0197932267058392,0.0130232744155196,0.1008827065402926,0.0628459203611123,,
2026-03-10,spring,DET,BOS,3,Fenway Park,2,7,0,0.4316849154253138,0,9.90872751385074,5.215671335726914,4.693056178123825,-0.2332626889671757,-1.299052472198059,0.3957266262914196,-0.6518441756192006,0.0458207907888038,0.01376,-0.1315003834794188,0.2924048675177554,0.3541690261426544,0.0678589849580613,0.0197932267058392,0.0130232744155196,0.1008827065402926,0.0628459203611123,,
2026-03-10,spring,KC,SEA,680,T-Mobile Park,4,3,1,0.5552362666312468,1,9.659598337765908,4.782759934202669,4.876838403563237,0.2680670519232809,0.7392414808866904,0.3678122696334437,-1.4307137505441467,-0.0015386812448662,0.008,-0.4380467022167883,0.2924048675177554,0.3541690261426544,0.0678589849580613,0.0197932267058392,0.0130232744155196,0.1008827065402926,0.0628459203611123,,
2026-03-10,spring,MIN,TB,12,Tropicana Field,5,6,0,0.5402892311367501,1,8.566955054915134,4.21454635891385,4.352408696001283,0.2071771524345942,0.4326882979971649,0.2269631961125313,-1.0904709144906866,0.0234600565742255,0.0,0.1086572022597523,0.2924048675177554,0.3541690261426544,0.0678589849580613,0.0197932267058392,0.0130232744155196,0.1008827065402926,0.0628459203611123,,
2026-03-10,spring,NYY,PHI,2681,Citizens Bank Park,2,4,0,0.5339320432062765,1,8.8288215882137,4.296382141779893,4.532439446433806,0.1813756330421004,0.2149901715168953,0.0571031095636557,-0.4071085242778535,0.0438478845026185,0.01232,0.6149618983334231,0.2924048675177554,0.3541690261426544,0.0678589849580613,0.0197932267058392,0.0130232744155196,0.1008827065402926,0.0628459203611123,,
2026-03-10,spring,SD,LAA,1,Angel Stadium,2,10,0,0.440480300214539,0,10.568453588301905,5.442733814740015,5.12571977356189,-0.1971717731323569,0.1856663074383937,-0.4177546247323629,-2.2167810485921264,-0.0378936497521256,0.0096,-0.1516429469578849,0.2924048675177554,0.3541690261426544,0.0678589849580613,0.0197932267058392,0.0130232744155196,0.1008827065402926,0.0628459203611123,,
2026-03-10,spring,SF,CLE,5,Progressive Field,4,5,0,0.5479994484766795,1,9.451472918253714,4.640826182899805,4.810646735353908,0.238542439814938,0.1940687432736367,0.2519406707285374,0.472796468395576,0.0254642285874612,0.0144,-0.0302802199984289,0.2924048675177554,0.3541690261426544,0.0678589849580613,0.0197932267058392,0.0130232744155196,0.1008827065402926,0.0628459203611123,,
2026-03-10,spring,STL,NYM,3289,Citi Field,6,1,1,0.7346502345577839,1,9.70257064447555,4.282367083754128,5.420203560721423,1.0717750978380265,2.4794968411948792,0.6583230678719351,0.7474170366622546,0.0259683633987897,0.00368,-0.0052168755072941,0.2924048675177554,0.3541690261426544,0.0678589849580613,0.0197932267058392,0.0130232744155196,0.1008827065402926,0.0628459203611123,,
2026-03-10,spring,WSH,MIA,4169,loanDepot park,5,7,0,0.3585075727995785,0,7.930339950628372,4.271034295922701,3.659305654705671,-0.5429091765689332,-0.7847344621482049,-0.7013713014514479,-1.85358512464286,-0.0192270837970228,0.02304,-0.0201027002693278,0.2924048675177554,0.3541690261426544,0.0678589849580613,0.0197932267058392,0.0130232744155196,0.1008827065402926,0.0628459203611123,,
2026-03-11,spring,ATH,AZ,15,Chase Field,3,13,0,0.2754149652591227,0,11.891676271187649,6.5627769479776354,5.328899323210013,-0.9318725339504926,-2.626939062143565,-0.3669501736842687,-0.7398475445097903,-0.0103517694305759,0.0064,-0.458943385268281,0.2924048675177554,0.3541690261426544,0.0678589849580613,0.0197932267058392,0.0130232744155196,0.1008827065402926,0.0628459203611123,,-1.294535743083598
2026-03-11,spring,COL,SEA,680,T-Mobile Park,7,11,0,0.4924172507704936,0,10.589507022160994,5.298001243840238,5.291505778320756,0.0135994854878601,0.0929203685168085,-0.0623165371411022,-0.9477971311975616,0.0071354312153495,0.0096,0.0961916993772468,0.2924048675177554,0.3541690261426544,0.0678589849580613,0.0197932267058392,0.0130232744155196,0.1008827065402926,0.0628459203611123,,-0.00658374978481735
2026-03-11,spring,DET,MIN,3312,Target Field,2,1,1,0.5905895341166832,1,9.840463736023995,4.6361708742243675,5.204292861799628,0.4139285742888529,1.1541237601803045,-0.1941992143294509,0.937211090107527,-0.0379962350881503,0.00272,0.1933834602721148,0.2924048675177554,0.3541690261426544,0.0678589849580613,0.0197932267058392,0.0130232744155196,0.1008827065402926,0.0628459203611123,,0.5617968705887915
2026-03-11,spring,HOU,MIA,4169,loanDepot park,1,4,0,0.3536502516016357,0,8.044359530120115,4.43505753713962,3.609301992980494,-0.5642857535011601,-1.8028266743663743,-0.1389901473581153,-0.5453840183624008,-0.0286541291985679,0.02472,-0.133778583923141,0.2924048675177554,0.3541690261426544,0.0678589849580613,0.0197932267058392,0.0130232744155196,0.1008827065402926,0.0628459203611123,,-0.7521158466491937
2026-03-11,spring,KC,CHC,17,Wrigley Field,9,8,1,0.4507720192925962,0,10.278783595679915,5.323647944858198,4.955135650821717,-0.1551333952513048,-0.3255896724669273,-0.0260317574165911,-0.9529815659169611,0.0141833480527211,0.0,-0.4873782887011337,0.2924048675177554,0.3541690261426544,0.0678589849580613,0.0197932267058392,0.0130232744155196,0.1008827065402926,0.0628459203611123,,-0.3699024806470481
2026-03-11,spring,LAA,CWS,4,Rate Field,4,8,0,0.5127457497249729,1,9.237045622923413,4.636448394667696,4.600597228255716,0.0956633367362535,-0.2717919450966706,0.2298638644319176,0.7431763176009278,-0.0359601350653272,0.0003199999999999,-0.186786699953854,0.2924048675177554,0.3541690261426544,0.0678589849580613,0.0197932267058392,0.0130232744155196,0.1008827065402926,0.0628459203611123,,-0.03249233297784393
2026-03-11,spring,MIL,CIN,2602,Great American Ball Park,6,3,1,0.4297344295616884,0,11.65081751310041,5.989182599807942,5.661634913292468,-0.2412894466924873,0.3609860718696975,-0.5444865991171417,-3.1467035591837,0.0232955750571848,0.0064,-0.0382770963853102,0.2924048675177554,0.3541690261426544,0.0678589849580613,0.0197932267058392,0.0130232744155196,0.1008827065402926,0.0628459203611123,,-0.3416914546414338
2026-03-11,spring,PIT,BAL,2,Oriole Park at Camden Yards,7,2,1,0.4366055301881182,0,9.324816643071541,4.856756531137765,4.468060111933776,-0.213051198417086,-1.0928492234795253,0.3072735649754287,-1.1389237153962648,-0.0386444538688825,0.01088,0.1262847447551408,0.2924048675177554,0.3541690261426544,0.0678589849580613,0.0197932267058392,0.0130232744155196,0.1008827065402926,0.0628459203611123,,-0.3805828693779931
2026-03-11,spring,SF,KC,7,Kauffman Stadium,2,5,0,0.4774831535329366,0,9.979341587782898,5.06882709177881,4.910514496004088,-0.0467370288436963,-0.4337844587858312,0.1494706793516013,-0.8424990432747395,-0.0007915767861928,0.00992,0.2119041079423423,0.2924048675177554,0.3541690261426544,0.0678589849580613,0.0197932267058392,0.0130232744155196,0.1008827065402926,0.0628459203611123,,-0.15732015157738743
2026-03-11,spring,STL,WSH,3309,Nationals Park,3,1,1,0.6863822003209571,1,9.439296448407674,4.295527598343012,5.143768850064662,0.8345600915555295,1.2408115104177784,0.6237370365387725,3.0537276091677867,-0.0169611303020935,0.01984,-0.1899137696099622,0.2924048675177554,0.3541690261426544,0.0678589849580613,0.0197932267058392,0.0130232744155196,0.1008827065402926,0.0628459203611123,,0.8261962767233335
2026-03-11,spring,TB,ATL,4705,Truist Park,5,3,1,0.5245120049088249,1,9.813157892506574,4.908159468351506,4.9049984241550675,0.1432227939515451,0.3581691243428747,0.0776983454357599,-0.1518258349496762,0.0195780171046557,0.01968,-0.4184357623516006,0.2924048675177554,0.3541690261426544,0.0678589849580613,0.0197932267058392,0.0130232744155196,0.1008827065402926,0.0628459203611123,,-0.0031227765322086043
2026-03-11,spring,TOR,NYY,3313,Yankee Stadium,8,1,1,0.503857044414411,1,8.795147832353337,4.490848403146245,4.3042994292070915,0.0597757003159996,-0.4823723329378182,0.558136411838172,-0.4047169265265595,0.0477284959801444,0.0140799999999999,-0.3306931518134014,0.2924048675177554,0.3541690261426544,0.0678589849580613,0.0197932267058392,0.0130232744155196,0.1008827065402926,0.0628459203611123,,-0.17672202396055958
2026-03-12,spring,ATH,TEX,5325,Globe Life Field,7,6,1,0.3903560543956306,0,11.276510680271352,5.924163195514573,5.35234748475678,-0.4056455160276165,-1.0480770276023084,-0.4431781711719355,0.7428920131923933,0.0229897222090814,0.00368,-0.5549364900553152,0.2924048675177554,0.3541690261426544,0.0678589849580613,0.0197932267058392,0.0130232744155196,0.1008827065402926,0.0628459203611123,,-0.5877859580677063
2026-03-12,spring,ATL,PIT,31,PNC Park,5,2,1,0.604266885600128,1,9.500142029242577,4.480273288358588,5.019868740883987,0.4713165245130845,-0.1060354802187706,0.5371505146838843,2.91233521984073,0.0285636992245591,0.0176,0.5036654197970557,0.2924048675177554,0.3541690261426544,0.0678589849580613,0.0197932267058392,0.0130232744155196,0.1008827065402926,0.0628459203611123,,0.5277285913534318
2026-03-12,spring,BOS,MIN,3312,Target Field,8,5,1,0.5231444714889567,1,9.195129537864524,4.603355282324709,4.591774255539815,0.1376905560100778,-0.4772484713010717,0.5204128313419398,0.4827911841371378,-0.0387283206218427,0.00128,-0.0191462454313936,0.2924048675177554,0.3541690261426544,0.0678589849580613,0.0197932267058392,0.0130232744155196,0.1008827065402926,0.0628459203611123,,-0.0112045952241119
2026-03-12,spring,CIN,LAD,22,Dodger Stadium,9,5,1,0.4177131988574356,0,10.832380516492275,5.54140480066671,5.2909757158255655,-0.2909685810177112,-1.050150655286829,-0.5215645370017321,1.6907877030387122,0.0444340591950552,0.0056,0.2209407906194189,0.2924048675177554,0.3541690261426544,0.0678589849580613,0.0197932267058392,0.0130232744155196,0.1008827065402926,0.0628459203611123,,-0.2546820455659393
2026-03-12,spring,COL,AZ,15,Chase Field,2,13,0,0.3919177458036255,0,10.55304390282285,5.637885708313439,4.915158194509411,-0.3990284968489395,-0.4101085305658951,-0.2453934317476678,-2.6120883658958074,-0.0203315913004897,0.00416,-0.7676639581674982,0.2924048675177554,0.3541690261426544,0.0678589849580613,0.0197932267058392,0.0130232744155196,0.1008827065402926,0.0628459203611123,,-0.7296844908851225
2026-03-12,spring,CWS,SF,2395,Oracle Park,3,3,0,0.4814684996469158,0,9.36040171184067,4.697752650696408,4.662649061144261,-0.0306240470841729,0.176361572050513,-0.4938056700107375,0.5183202395615085,0.0292581763844282,0.0031999999999999,-0.0588976053919696,0.2924048675177554,0.3541690261426544,0.0678589849580613,0.0197932267058392,0.0130232744155196,0.1008827065402926,0.0628459203611123,,-0.0346976585509404
2026-03-12,spring,KC,SD,2680,Petco Park,1,10,0,0.500980556195357,1,9.731323588561564,4.828062535975716,4.903261052585849,0.0481652483888837,-0.1545395102845431,-0.2372245343076395,1.717056627005069,0.04290036171435,0.0096,-0.0294090493180004,0.2924048675177554,0.3541690261426544,0.0678589849580613,0.0197932267058392,0.0130232744155196,0.1008827065402926,0.0628459203611123,,0.0727637502704476
2026-03-12,spring,MIL,CLE,5,Progressive Field,1,0,1,0.484550026981027,0,9.11918403607525,4.5895251996206685,4.529658836454582,-0.0181718966830083,-0.1890547985839382,-0.0641495135812044,-0.4261397732799379,0.0156125404553322,0.0063999999999999,0.2528435137482486,0.2924048675177554,0.3541690261426544,0.0678589849580613,0.0197932267058392,0.0130232744155196,0.1008827065402926,0.0628459203611123,,-0.0577572169212752
2026-03-12,spring,NYM,STL,2889,Busch Stadium,3,1,1,0.4676373304969942,0,8.929261283980235,4.573659197279447,4.355602086700788,-0.0865983235528276,-0.2651594986112068,0.1993345352138729,-2.3268962782539964,-0.0153287381247904,0.0031999999999999,0.1551714533421218,0.2924048675177554,0.3541690261426544,0.0678589849580613,0.0197932267058392,0.0130232744155196,0.1008827065402926,0.0628459203611123,,-0.2088435602667573
2026-03-12,spring,NYY,DET,2394,Comerica Park,3,4,0,0.4683129008510625,0,8.781772867430172,4.489495366923436,4.292277500506736,-0.083860338225627,-0.6816704161494065,0.1862722143525196,-0.5312061249517243,-0.0070014981588817,0.02376,0.2232483528531593,0.2924048675177554,0.3541690261426544,0.0678589849580613,0.0197932267058392,0.0130232744155196,0.1008827065402926,0.0628459203611123,,-0.1877680674966484
2026-03-12,spring,SEA,CHC,17,Wrigley Field,7,4,1,0.5476674157497647,1,10.107854631641564,4.896937290741972,5.210917340899592,0.2371899029834008,0.5013759026833368,-0.0877217098084762,0.522031333758119,0.0223096060612779,0.00416,0.2268700870915023,0.2924048675177554,0.3541690261426544,0.0678589849580613,0.0197932267058392,0.0130232744155196,0.1008827065402926,0.0628459203611123,,0.3130572470711215
2026-03-12,spring,TOR,PHI,2681,Citizens Bank Park,8,5,1,0.4559229477954289,0,9.680673884206126,5.015731812866916,4.66494207133921,-0.1341603186284554,-1.0765231517730758,0.33029103634101,0.0839615791192055,0.0434713163049874,0.0228,-0.0600638119051008,0.2924048675177554,0.3541690261426544,0.0678589849580613,0.0197932267058392,0.0130232744155196,0.1008827065402926,0.0628459203611123,,-0.3451482283380729
2026-03-12,spring,WSH,HOU,2392,Daikin Park,2,3,0,0.4986302890126289,0,9.32307240483707,4.755267287127727,4.567805117709344,0.0386790267974348,-0.2421628018688799,0.4560130442796858,-1.4488165518536122,0.0232418404390485,0.0048,-0.169209670186492,0.2924048675177554,0.3541690261426544,0.0678589849580613,0.0197932267058392,0.0130232744155196,0.1008827065402926,0.0628459203611123,,-0.1822111734537559
2026-03-13,spring,ATH,MIL,32,American Family Field,4,13,0,0.4290675984743404,0,10.452166110958014,5.374427457634607,5.077738653323408,-0.2440356774068508,-1.408948966697957,-0.079672385757061,1.6975034008908798,0.0248995905666087,0.00512,0.1741532310333812,0.2924048675177554,0.3541690261426544,0.0678589849580613,0.0197932267058392,0.0130232744155196,0.1008827065402926,0.0628459203611123,,-0.2984915359697684
2026-03-13,spring,AZ,KC,7,Kauffman Stadium,5,11,0,0.5700933174755062,1,10.176465723173584,4.838849708058532,5.337616015115053,0.3289952226582158,0.5385438640743937,-0.1038978879273769,1.123093567338822,-0.0113730672092934,0.01008,0.687488637378227,0.2924048675177554,0.3541690261426544,0.0678589849580613,0.0197932267058392,0.0130232744155196,0.1008827065402926,0.0628459203611123,,0.4977054587593983
2026-03-13,spring,BAL,PHI,2681,Citizens Bank Park,11,8,1,0.4567791065429938,0,9.759314456323162,4.901925530213652,4.85738892610951,-0.1306781325384023,-0.4378526068163406,-0.490432456363683,0.858399113320284,0.0450698284234427,0.022,0.483467244616224,0.2924048675177554,0.3541690261426544,0.0678589849580613,0.0197932267058392,0.0130232744155196,0.1008827065402926,0.0628459203611123,,-0.0438498535503724
2026-03-13,spring,CHC,CWS,4,Rate Field,4,2,1,0.6306809836153896,1,10.558931779290283,4.886428150427099,5.672503628863186,0.5841929493452713,1.5645829403438851,-0.1990105046881344,1.670467438662405,-0.0365702462654206,0.01632,0.2130572970380232,0.2924048675177554,0.3541690261426544,0.0678589849580613,0.0197932267058392,0.0130232744155196,0.1008827065402926,0.0628459203611123,,0.7932584642031841
2026-03-13,spring,CIN,SF,2395,Oracle Park,1,6,0,0.4716281334820143,0,9.914640867100854,5.044908989808758,4.869731877292096,-0.0704308284867522,-0.964479739368137,0.1803553810760364,1.0702091522666002,0.0276447812938977,0.00608,0.1151422735495266,0.2924048675177554,0.3541690261426544,0.0678589849580613,0.0197932267058392,0.0130232744155196,0.1008827065402926,0.0628459203611123,,-0.1733658578778811
2026-03-13,spring,CLE,LAA,1,Angel Stadium,5,2,1,0.5397878295598696,1,10.10557579070051,4.94260652488278,5.162969265817729,0.2051403227984709,0.2842116920974027,0.0237742030984509,0.4925080228426593,-0.0383202450357604,0.00464,0.1788848982460648,0.2924048675177554,0.3541690261426544,0.0678589849580613,0.0197932267058392,0.0130232744155196,0.1008827065402926,0.0628459203611123,,0.2194133025720033
2026-03-13,spring,HOU,STL,2889,Busch Stadium,5,4,1,0.4217403598146672,0,8.278833300829417,4.276391649791221,4.002441651038196,-0.2742839111692409,-0.7423134321202864,-0.3772103128654833,-0.3287600951489551,-0.0080636808191676,0.016,0.3546990346961458,0.2924048675177554,0.3541690261426544,0.0678589849580613,0.0197932267058392,0.0130232744155196,0.1008827065402926,0.0628459203611123,,-0.2538391332952043
2026-03-13,spring,LAD,SEA,680,T-Mobile Park,7,10,0,0.3165758743626844,0,11.04653708328491,5.881887170900914,5.164649912383997,-0.7323140950138681,-0.5875532231968184,-1.491736110275619,-1.3870992744014816,-0.0039601169597067,0.00416,-0.0087082524876747,0.2924048675177554,0.3541690261426544,0.0678589849580613,0.0197932267058392,0.0130232744155196,0.1008827065402926,0.0628459203611123,,-0.7332804202938794
2026-03-13,spring,MIA,NYM,3289,Citi Field,0,1,0,0.7521144685778751,1,7.533727948991899,3.103256332687928,4.430471616303971,1.1641801565148808,2.634906455820798,0.5707550085125526,2.0108481105665788,0.0330817442691599,0.0192,-0.0855244256406188,0.2924048675177554,0.3541690261426544,0.0678589849580613,0.0197932267058392,0.0130232744155196,0.1008827065402926,0.0628459203611123,,1.1796041513019555
2026-03-13,spring,MIN,TOR,14,Rogers Centre,6,1,1,0.3491881699202959,0,10.212632603128975,5.492090829614339,4.720541773514638,-0.5840403195798417,-1.8299867329629973,-0.4684911588334253,1.110022988815049,0.0562285049713238,0.0176,-0.2233419532338337,0.2924048675177554,0.3541690261426544,0.0678589849580613,0.0197932267058392,0.0130232744155196,0.1008827065402926,0.0628459203611123,,-0.7707577511360295
2026-03-13,spring,NYM,WSH,3309,Nationals Park,3,8,0,0.4632297062618328,0,8.913350848124441,4.472405424084499,4.440945424039942,-0.104474030836759,0.0369752089689257,-0.5722621377473743,0.0540118769626005,-0.0099074461717521,0.0,0.2089233293894944,0.2924048675177554,0.3541690261426544,0.0678589849580613,0.0197932267058392,0.0130232744155196,0.1008827065402926,0.0628459203611123,,-0.0300066233826701
2026-03-13,spring,NYY,ATL,4705,Truist Park,7,6,1,0.5559337096476562,1,9.383518979591557,4.659228795352656,4.724290184238899,0.2709173137325729,-0.0601953807524875,0.8690366200243765,-1.143227237067906,0.0265987841933133,0.0003199999999999,-0.0502111927216735,0.2924048675177554,0.3541690261426544,0.0678589849580613,0.0197932267058392,0.0130232744155196,0.1008827065402926,0.0628459203611123,,0.0632131911178399
2026-03-13,spring,PIT,DET,2394,Comerica Park,5,7,0,0.4214539780042989,0,8.82995902679389,4.587900579531949,4.242058447261941,-0.2754689498318559,-0.2165147055591773,-0.4729753845140906,-1.660657841593605,-0.0175485850290804,0.0112,0.0535310069613917,0.2924048675177554,0.3541690261426544,0.0678589849580613,0.0197932267058392,0.0130232744155196,0.1008827065402926,0.0628459203611123,,-0.3287053521127454
2026-03-13,spring,SD,ATH,2529,Sutter Health Park,9,13,0,0.5823365099534119,1,11.884212550122228,5.757932652632773,6.126279897489456,0.3795898052321568,1.4966645604331004,0.0498025247056181,-2.077848298566682,-0.0258466386332652,0.00512,0.0289341596331836,0.2924048675177554,0.3541690261426544,0.0678589849580613,0.0197932267058392,0.0130232744155196,0.1008827065402926,0.0628459203611123,,0.3840248664826262
2026-03-13,spring,SF,CIN,2602,Great American Ball Park,1,0,1,0.5946330437627952,1,11.34951992754554,5.50401065341517,5.84550927413037,0.430828996102276,1.2144812863309074,0.2822093233484825,-1.0702091522666002,0.0303146784213128,0.01168,-0.1508265986687502,0.2924048675177554,0.3541690261426544,0.0678589849580613,0.0197932267058392,0.0130232744155196,0.1008827065402926,0.0628459203611123,,0.3487940312978299
2026-03-13,spring,TB,BOS,3,Fenway Park,7,6,1,0.5027746999557005,1,9.44161293132861,4.765363705030034,4.676249226298576,0.055406922767028,0.2901007401474337,0.0155849353093158,-1.0856032110099434,0.0346221489015895,0.0128,-0.2475113752340252,0.2924048675177554,0.3541690261426544,0.0678589849580613,0.0197932267058392,0.0130232744155196,0.1008827065402926,0.0628459203611123,,-0.0867679371983607
2026-03-13,spring,TEX,COL,19,Coors Field,4,9,0,0.4565039668426676,0,11.205260714828851,5.583754992824572,5.621505722004281,-0.1317970720104157,-0.6298415087616545,-0.3331807503381613,-0.0683947104529857,-0.0121031638479724,0.00832,1.113178253575137,0.2924048675177554,0.3541690261426544,0.0678589849580613,0.0197932267058392,0.0130232744155196,0.1008827065402926,0.0628459203611123,,0.0389054593536295
2026-03-14,spring,AZ,SF,2395,Oracle Park,7,8,0,0.4800171098613403,0,9.758443329434249,4.916091734574308,4.842351594859941,-0.0364908868295536,-0.7851195202001964,-0.0485885723261833,1.9348670033543272,0.0184468236073035,0.01056,0.1550689029074946,0.2924048675177554,0.3541690261426544,0.0678589849580613,0.0197932267058392,0.0130232744155196,0.1008827065402926,0.0628459203611123,,
2026-03-14,spring,BAL,PIT,31,PNC Park,8,6,1,0.4618309135929846,0,9.084003660124203,4.588987284739163,4.495016375385041,-0.1101517595193635,-1.0150135826330635,-0.1360200490167184,1.987007447665148,0.0365567865141515,0.0136,0.3591727464398931,0.2924048675177554,0.3541690261426544,0.0678589849580613,0.0197932267058392,0.0130232744155196,0.1008827065402926,0.0628459203611123,,
2026-03-14,spring,BOS,ATL,4705,Truist Park,10,1,1,0.5396860399953745,1,9.56212683957254,4.721113241248457,4.841013598324083,0.2047268659727248,0.5464251442774687,0.105558828728034,-0.4827334823826336,0.0357677011935153,0.00128,-0.2304549369049557,0.2924048675177554,0.3541690261426544,0.0678589849580613,0.0197932267058392,0.0130232744155196,0.1008827065402926,0.0628459203611123,,
2026-03-14,spring,CHC,COL,19,Coors Field,4,3,1,0.4688166441014613,0,10.935032459379942,5.488086125921948,5.446946333457994,-0.0818190493170785,-0.2910427714127703,-0.3419912813329517,0.2533020329760211,-0.0130807197588534,0.00272,0.4420454350082844,0.2924048675177554,0.3541690261426544,0.0678589849580613,0.0197932267058392,0.0130232744155196,0.1008827065402926,0.0628459203611123,,
2026-03-14,spring,CLE,SD,2680,Petco Park,8,5,1,0.5662530361895448,1,9.66468085000256,4.737378310849869,4.927302539152691,0.313201292766219,0.3626206777980565,0.444645395971015,0.0897949783374771,0.0416014237286421,0.01376,-0.2007512403409768,0.2924048675177554,0.3541690261426544,0.0678589849580613,0.0197932267058392,0.0130232744155196,0.1008827065402926,0.0628459203611123,,
2026-03-14,spring,COL,MIL,32,American Family Field,8,4,1,0.4906697107063941,0,9.468197834546096,4.837686533193668,4.630511301352428,0.006543998498618,-0.1143842249085719,0.0649560123047894,0.1869111525184218,0.0157180050177595,0.01584,-0.5854504420849752,0.2924048675177554,0.3541690261426544,0.0678589849580613,0.0197932267058392,0.0130232744155196,0.1008827065402926,0.0628459203611123,,
2026-03-14,spring,DET,TOR,14,Rogers Centre,1,6,0,0.6314368835501032,1,9.74761305920078,4.616424930275499,5.131188128925283,0.5874690156048056,1.2785033757303514,0.5153980664535396,-0.1589681404882746,0.0567647875074829,0.0,-0.2189838936806944,0.2924048675177554,0.3541690261426544,0.0678589849580613,0.0197932267058392,0.0130232744155196,0.1008827065402926,0.0628459203611123,,
2026-03-14,spring,KC,ATH,2529,Sutter Health Park,12,1,1,0.7732018990382145,1,11.944806630979174,5.361278549802768,6.583528081176406,1.281794230730504,2.6826772743493645,1.2282904954563578,0.5135529475448868,-0.0349208929772378,0.00416,-0.3441044935143144,0.2924048675177554,0.3541690261426544,0.0678589849580613,0.0197932267058392,0.0130232744155196,0.1008827065402926,0.0628459203611123,,
2026-03-14,spring,LAD,CWS,4,Rate Field,7,2,1,0.4995290672570108,0,9.454033656351855,4.719866408510657,4.734167247841199,0.0423067095742704,0.3477394710803023,-0.1033141255256109,-1.5562177785096574,-0.0373262548256517,0.00464,0.2047177066078761,0.2924048675177554,0.3541690261426544,0.0678589849580613,0.0197932267058392,0.0130232744155196,0.1008827065402926,0.0628459203611123,,
2026-03-14,spring,MIA,WSH,3309,Nationals Park,1,4,0,0.6345083440204144,1,8.915996138419404,4.116995953790163,4.799000184629241,0.6008097159193543,1.4540299191513328,0.1972137989787844,0.713856331993181,-0.0188546182131903,0.0007999999999999,-0.0508257619351877,0.2924048675177554,0.3541690261426544,0.0678589849580613,0.0197932267058392,0.0130232744155196,0.1008827065402926,0.0628459203611123,,
2026-03-14,spring,NYM,HOU,2392,Daikin Park,8,2,1,0.5263115149030395,1,9.201625302903947,4.515472017470144,4.6861532854338055,0.1505048354289822,0.5992017016450908,-0.2806237263183203,0.2742026492258784,0.0133761052993848,0.0,-0.069726687858996,0.2924048675177554,0.3541690261426544,0.0678589849580613,0.0197932267058392,0.0130232744155196,0.1008827065402926,0.0628459203611123,,
2026-03-14,spring,PHI,NYY,3313,Yankee Stadium,4,6,0,0.6068760098624946,1,9.366309783393175,4.502184387040718,4.864125396352459,0.4823389563937039,1.057947513203006,0.350307452933631,0.455770821228957,0.0480787388364297,0.0007999999999999,-0.4541334658100554,0.2924048675177554,0.3541690261426544,0.0678589849580613,0.0197932267058392,0.0130232744155196,0.1008827065402926,0.0628459203611123,,
2026-03-14,spring,SD,TEX,5325,Globe Life Field,22,2,1,0.5815996363325835,1,9.789910861159791,4.771271120059048,5.0186397411007455,0.3765334793478243,0.7385719869132663,0.5695925164412499,-1.2195746163621457,0.0309486307067055,0.01536,-0.2186700556869068,0.2924048675177554,0.3541690261426544,0.0678589849580613,0.0197932267058392,0.0130232744155196,0.1008827065402926,0.0628459203611123,,
2026-03-14,spring,SEA,LAA,1,Angel Stadium,6,2,1,0.6590444809870609,1,10.163174315442935,4.754771043793447,5.4084032716494885,0.7092146122099675,0.5881256473764249,0.9686297407242196,1.732774298984321,-0.0390543506527955,0.008,0.1429755277589776,0.2924048675177554,0.3541690261426544,0.0678589849580613,0.0197932267058392,0.0130232744155196,0.1008827065402926,0.0628459203611123,,
2026-03-14,spring,STL,MIA,4169,loanDepot park,7,7,0,0.387125951252778,0,8.450407909002372,4.5326973201688645,3.9177105888335073,-0.4193621600329343,-1.443480683233012,-0.1003534954896605,-0.3362026287078614,-0.0295971812272119,0.00224,-0.0120355808777665,0.2924048675177554,0.3541690261426544,0.0678589849580613,0.0197932267058392,0.0130232744155196,0.1008827065402926,0.0628459203611123,,
2026-03-14,spring,TB,MIN,3312,Target Field,6,9,0,0.5678964705102482,1,9.838389878565806,4.710398964455671,5.127990914110134,0.3199561274721209,0.8436620117425588,-0.2898440572711264,1.8135489718366369,-0.0392804639177385,0.0064,-0.0921697951379604,0.2924048675177554,0.3541690261426544,0.0678589849580613,0.0197932267058392,0.0130232744155196,0.1008827065402926,0.0628459203611123,,
2026-03-14,spring,TEX,CIN,2602,Great American Ball Park,4,3,1,0.4152510269495246,0,12.26386235906206,6.323329261615044,5.940533097447015,-0.3011917143020087,-1.1630780990210197,-0.1262644001046532,-0.3149439366269948,0.0394229306946592,0.01424,0.4081672791451848,0.2924048675177554,0.3541690261426544,0.0678589849580613,0.0197932267058392,0.0130232744155196,0.1008827065402926,0.0628459203611123,,
