date,phase,game_pk,away,home,venue_id,venue,away_pitcher,home_pitcher,away_score,home_score,y_home,p_home,pred_home,projected_total,projected_total_raw,projected_total_model,projected_total_simple,projected_total_sigma_raw,projected_total_sigma,away_expected_runs,home_expected_runs,p_home_raw,logit,projected_margin,x_off,x_starter,x_bullpen,x_park,x_weather,x_context,W_OFF,W_ST,W_BP,W_PK,W_WX,W_CTX,HFA
2026-02-21,spring,831948,ATH,CWS,3809,Camelback Ranch,Jack Perkins,Chris Murphy,2,11,1,0.5366982988440095,1,10.644594409126036,9.333570276350274,10.30488941836533,10.871064402966507,5.869117433737538,4.993961556411782,5.236724255782855,5.407870153343181,0.5448935120642366,0.1800589538769121,0.17114589756032572,0.3269608346967241,0.10702623678355644,-0.4133556887834263,0.0,0.0,0.048782571919627586,0.27217949307259875,0.5448754248348529,0.10439843839701751,0.030451118008983393,0.020035806793107222,0.1552041639081425,0.06833338352208673
2026-02-21,spring,831543,ATL,TB,2534,Charlotte Sports Park,Carlos Carrasco,TJ Nichols,5,1,0,0.40581954837849143,0,10.571445005222028,9.150614486332124,10.122015908605311,10.871064402966507,6.2,5.275505559280597,5.7694053809587,4.80203962426333,0.42558752894587015,-0.2998770936342613,-0.9673657566953704,-1.3505632393596427,0.0,0.0,0.0,0.0,-0.0039616160383258514,0.27217949307259875,0.5448754248348529,0.10439843839701751,0.030451118008983393,0.020035806793107222,0.1552041639081425,0.06833338352208673
2026-02-21,spring,831654,BOS,MIN,2862,Lee Health Sports Complex,Payton Tolle,Eston Stull,7,2,0,0.48168570368389196,0,10.157288483394165,8.114757328266684,9.086624604035652,10.871064402966507,5.669596910680812,4.824191938899471,5.1581825334594145,4.9991059499347505,0.49880870056650184,-0.004765206751012236,-0.15907658352466392,-0.4244457913553922,0.022501330310145406,0.3726391331397205,0.0,0.0,-0.056290470710926965,0.27217949307259875,0.5448754248348529,0.10439843839701751,0.030451118008983393,0.020035806793107222,0.1552041639081425,0.06833338352208673
2026-02-21,spring,831900,CIN,CLE,3834,Goodyear Ballpark,Chase Burns,Logan Allen,2,4,1,0.48212728065105276,0,10.2747338958186,8.408502964831506,9.38023813509674,10.871064402966507,5.308033932491372,4.5165423418884325,5.307591587644735,4.967142308173863,0.4707796387393951,-0.11701478081597286,-0.3404492794708718,-0.033228441436976786,-0.32251351941229334,0.0,0.0,0.0,-0.00370075823309771,0.27217949307259875,0.5448754248348529,0.10439843839701751,0.030451118008983393,0.020035806793107222,0.1552041639081425,0.06833338352208673
2026-02-21,spring,831878,CLE,MIL,2518,American Family Fields of Phoenix,Joey Cantillo,Garrett Stallings,9,6,0,0.5616540829056584,1,10.482272884988575,8.927583882742868,9.899085608021675,10.871064402966507,5.599106708387539,4.764212672113507,5.002198645825343,5.4800742391632316,0.5503168589532905,0.20195101578789615,0.4778755933378882,0.8880454822282826,-0.17948651504947083,0.0,0.0,0.0,-0.06631488172494954,0.27217949307259875,0.5448754248348529,0.10439843839701751,0.030451118008983393,0.020035806793107222,0.1552041639081425,0.06833338352208673
2026-02-21,spring,831872,COL,AZ,4249,Salt River Fields at Talking Stick,Valente Bellozo,Mitch Bratt,11,6,0,0.6831294093354988,1,11.012313300352487,10.253281123717112,11.224186646431457,10.871064402966507,6.2,5.275505559280597,4.56315281260522,6.449160487747265,0.7218996678957227,0.9539042096737244,1.8860076751420447,1.6065384639595457,0.6966348595070968,0.6035989162648067,0.0,0.009902680687415703,0.0355118947124175,0.27217949307259875,0.5448754248348529,0.10439843839701751,0.030451118008983393,0.020035806793107222,0.1552041639081425,0.06833338352208673
2026-02-21,spring,831655,DET,NYY,2523,George M. Steinbrenner Field,Keider Montero,Carlos Lagrange,3,20,1,0.7108133193167103,1,10.882696153993095,9.929092461247624,10.90014378053298,10.871064402966507,6.0741341699389295,5.168407835698235,4.509715927035441,6.372980226957654,0.6839426462531317,0.7719503672829073,1.8632642999222124,3.087039287059775,-0.18873900491292805,-0.148962792257262,-0.03563446459955044,-0.007771459614569709,-0.10940595234643977,0.27217949307259875,0.5448754248348529,0.10439843839701751,0.030451118008983393,0.020035806793107222,0.1552041639081425,0.06833338352208673
2026-02-21,spring,831598,HOU,WSH,5000,CACTI Park of the Palm Beaches,Colton Gordon,Jake Eder,1,2,1,0.648063479110462,1,10.61832438882315,9.267865676424702,10.23921436760812,10.871064402966507,5.818921834913834,4.951250724049546,4.650231090254365,5.968093298568788,0.632489538558034,0.5429118958792166,1.3178622083144234,2.013273489859144,-0.12246947522399121,0.0,0.0,0.0,-0.04292821802901489,0.27217949307259875,0.5448754248348529,0.10439843839701751,0.030451118008983393,0.020035806793107222,0.1552041639081425,0.06833338352208673
2026-02-21,spring,832063,LAD,LAA,2500,Tempe Diablo Stadium,Yoshinobu Yamamoto,José Soriano,15,2,0,0.47991365087345095,0,10.616020202339552,9.262102618409775,10.233453901399121,10.871064402966507,5.63026370601174,4.790723787303341,5.446855164152042,5.16916503818751,0.48309157257692986,-0.06765950890851273,-0.2776901259645328,-0.25542934555429053,-0.10488578916183712,0.0,0.0,0.0,-0.06005363179939394,0.27217949307259875,0.5448754248348529,0.10439843839701751,0.030451118008983393,0.020035806793107222,0.1552041639081425,0.06833338352208673
2026-02-21,spring,831497,MIA,NYM,2856,Clover Park,Robby Snelling,Brandon Waddell,2,1,0,0.6688114563839108,1,10.790828721076107,9.69932054419518,10.670475198240506,10.871064402966507,6.2,5.275505559280597,4.6438952014690935,6.146933519607014,0.659837298297517,0.6625692493307521,1.5030383181379205,2.1790383617623488,0.0,0.0,0.0,0.0,0.007385814204841878,0.27217949307259875,0.5448754248348529,0.10439843839701751,0.030451118008983393,0.020035806793107222,0.1552041639081425,0.06833338352208673
2026-02-21,spring,831542,PHI,TOR,2536,TD Ballpark,Bryse Wilson,Eric Lauer,0,3,1,0.5785616962258786,1,10.523696710857344,9.031190041958336,10.002645172693601,10.871064402966507,5.681513049881511,4.834331238673415,4.9144466392610076,5.609250071596336,0.5930227165949441,0.37647533702596825,0.6948034323353287,0.7225808206954978,0.18532990477633432,0.0,0.0,0.005591929034707468,0.06685724372570034,0.27217949307259875,0.5448754248348529,0.10439843839701751,0.030451118008983393,0.020035806793107222,0.1552041639081425,0.06833338352208673
2026-02-21,spring,831544,PIT,BAL,2508,Ed Smith Stadium,Wilber Dotel,Dean Kremer,8,2,0,0.5091392475791003,1,10.335151761498267,8.559615588539822,9.531282799295905,10.871064402966507,5.616511542037308,4.779022236093784,5.0682423207624545,5.266909440735812,0.5475117948941637,0.19062230790848694,0.19866711997335784,-0.3998379305765163,0.30294061042596354,0.5315123813001966,0.0,0.0,0.06805650682263624,0.27217949307259875,0.5448754248348529,0.10439843839701751,0.030451118008983393,0.020035806793107222,0.1552041639081425,0.06833338352208673
2026-02-21,spring,831775,SD,KC,2603,Surprise Stadium,Matt Waldron,Ryan Bergert,10,3,0,0.4358746678449134,0,11.221828720424199,10.777305342021165,11.747975196610739,10.871064402966507,6.2,5.275505559280597,5.735656942211181,5.486171778213017,0.4774582200181818,-0.09022828358134385,-0.24948516399816345,-1.2970637653776662,0.0,1.4621376424802084,0.0,0.0,0.26950053007742614,0.27217949307259875,0.5448754248348529,0.10439843839701751,0.030451118008983393,0.020035806793107222,0.1552041639081425,0.06833338352208673
2026-02-21,spring,831750,SF,SEA,2530,Peoria Stadium,Hayden Birdsong,Emerson Hancock,10,5,0,0.5483793053293909,1,10.913639708841073,10.00648615444314,10.977502667652923,10.871064402966507,5.839335118154898,4.968620141665901,5.258433852830094,5.655205856010978,0.5653736372265279,0.2630000915677515,0.39677200318088435,0.3398758746715036,0.15511527766489183,0.09055193768611035,0.0,0.0,0.05275297298419561,0.27217949307259875,0.5448754248348529,0.10439843839701751,0.030451118008983393,0.020035806793107222,0.1552041639081425,0.06833338352208673
2026-02-21,spring,831732,TEX,CHC,4629,Sloan Park,Kumar Rocker,Matthew Boyd,3,2,0,0.6943405722094271,1,10.716660818138342,9.513817360959742,10.485055440896096,10.871064402966507,6.2,5.275505559280597,4.41129300805511,6.305367810083233,0.6840674803970448,0.7725279230851025,1.8940748020281228,2.547087566519398,-0.12469138196274594,0.45932073430784137,0.0,0.0,0.19921140292107278,0.27217949307259875,0.5448754248348529,0.10439843839701751,0.030451118008983393,0.020035806793107222,0.1552041639081425,0.06833338352208673
2026-02-21,spring,831494,WSH,STL,2520,Roger Dean Chevrolet Stadium,Shinnosuke Ogasawara,Matthew Liberatore,6,2,0,0.4471191122749987,0,10.979874935509812,10.172148724135614,11.143090734324772,10.871064402966507,5.935948024607867,5.0508269037773355,5.724539234895506,5.255335700614307,0.48175510211006495,-0.07301200836335849,-0.4692035342811991,-1.0661986914333725,0.28294532278051615,0.0,0.0,0.0,-0.03426406455601073,0.27217949307259875,0.5448754248348529,0.10439843839701751,0.030451118008983393,0.020035806793107222,0.1552041639081425,0.06833338352208673
2026-02-22,spring,831657,BAL,DET,2511,Publix Field at Joker Marchant Stadium,Kyle Bradish,Jack Flaherty,4,4,0,0.47242242362248404,0,10.114666046951378,8.008153294389363,8.980068512928684,10.871064402966507,5.4444159925838,4.63258819934065,5.13734828681685,4.977317760134527,0.48600992659453607,-0.05597490404440338,-0.16003052668232254,-0.48287167736527237,-0.15414424178664013,0.8899260459721833,0.0,0.0,-0.011584737263529805,0.27217949307259875,0.5448754248348529,0.10439843839701751,0.030451118008983393,0.020035806793107222,0.1552041639081425,0.06833338352208673
2026-02-22,spring,831922,CHC,SF,2532,Scottsdale Stadium,Colin Rea,Robbie Ray,2,4,1,0.45013152880850194,0,10.996818858821257,10.214527591358102,11.185450542603382,10.871064402966507,6.048992714026847,5.147015272725235,5.775235158976364,5.221583699844895,0.4447825758542072,-0.22177422306859018,-0.5536514591314692,-0.48295339163832396,-0.24521244845376675,-0.055758130243993675,0.0,0.0,-0.12387746592155717,0.27217949307259875,0.5448754248348529,0.10439843839701751,0.030451118008983393,0.020035806793107222,0.1552041639081425,0.06833338352208673
2026-02-22,spring,831886,CLE,ATH,2507,Hohokam Stadium,Parker Messick,Luis Severino,6,0,0,0.5514666581045304,1,10.44244327815771,8.827965064339153,9.799511590944514,10.871064402966507,5.616638026429154,4.779129860144161,5.046697524265656,5.395745753892052,0.5627363393906102,0.2522748492398231,0.3490482296263959,0.45425499287471427,0.21131540150228884,-0.5011676067660955,0.0,0.0,-0.016216585633915846,0.27217949307259875,0.5448754248348529,0.10439843839701751,0.030451118008983393,0.020035806793107222,0.1552041639081425,0.06833338352208673
2026-02-22,spring,831859,COL,TEX,2603,Surprise Stadium,Jimmy Herget,MacKenzie Gore,5,9,1,0.44133246591940267,0,10.087409929996277,7.939982343647349,8.91192822054093,10.871064402966507,6.2,5.275505559280597,5.4617821013220365,4.625627828674239,0.4281708898157889,-0.2893177971602274,-0.8361542726477973,-0.4789539765351263,-0.3369730840634508,-0.14898541770581952,0.0,0.0,-0.18122924118921918,0.27217949307259875,0.5448754248348529,0.10439843839701751,0.030451118008983393,0.020035806793107222,0.1552041639081425,0.06833338352208673
2026-02-22,spring,831841,KC,MIL,2518,American Family Fields of Phoenix,Bailey Falter,Robert Gasser,7,3,0,0.5106582768630556,1,10.624142186758657,9.282416715266432,10.253758862446887,10.871064402966507,5.833807682414451,4.963916912959886,5.256630913904462,5.3675112728541965,0.519796699488041,0.0792282156404228,0.11088035894973469,0.01585793743947156,-0.08971381944604273,0.4536677197177205,0.0,0.0,0.052184687159756014,0.27217949307259875,0.5448754248348529,0.10439843839701751,0.030451118008983393,0.020035806793107222,0.1552041639081425,0.06833338352208673
2026-02-22,spring,831830,LAA,AZ,4249,Salt River Fields at Talking Stick,Alek Manoah,Kohl Drake,10,9,0,0.5478822077039194,1,10.941203477009154,10.075426579271294,11.046412088073128,10.871064402966507,6.2,5.275505559280597,5.358093456698275,5.58311002031088,0.545471690329675,0.18239070800769613,0.2250165636126047,0.602295867146538,0.0,-0.42359498622738234,0.0,0.009335804264972018,-0.037625631056388824,0.27217949307259875,0.5448754248348529,0.10439843839701751,0.030451118008983393,0.020035806793107222,0.1552041639081425,0.06833338352208673
2026-02-22,spring,831803,LAD,SD,2530,Peoria Stadium,Jackson Ferris,Randy Vásquez,5,1,0,0.5936038219039959,1,11.21260726710754,10.754241336210823,11.724921563319088,10.871064402966507,6.2,5.275505559280597,5.3619344244505065,5.850672842657033,0.5756569574072472,0.30496973238679453,0.48873841820652686,1.365440527829953,-0.07420599503113935,-0.8894281182579025,0.0,0.0,-0.011086249860157424,0.27217949307259875,0.5448754248348529,0.10439843839701751,0.030451118008983393,0.020035806793107222,0.1552041639081425,0.06833338352208673
2026-02-22,spring,831790,MIL,CWS,3809,Camelback Ranch,Logan Henderson,Mike Vasil,2,5,1,0.4646067616408638,0,10.765976475223123,9.637161975142117,10.608344583608051,10.871064402966507,6.2,5.275505559280597,5.797674000930738,4.968302474292386,0.44378941119919246,-0.22579682856039376,-0.8293715266383517,-0.1068296546568443,-0.1859725504824496,-1.5205519996272567,0.0,0.0,-0.03207545463479025,0.27217949307259875,0.5448754248348529,0.10439843839701751,0.030451118008983393,0.020035806793107222,0.1552041639081425,0.06833338352208673
2026-02-22,spring,831597,MIN,ATL,5380,CoolToday Park,Taj Bradley,Chris Sale,8,1,0,0.580650671253282,1,10.343675778654235,8.580935219455,9.55259284218583,10.871064402966507,5.4527990927283225,4.639721278601365,4.97529219939332,5.368383579260916,0.5565875927056896,0.22732427866006044,0.3930913798675961,1.2973389922878131,-0.11877427956871886,-1.2076299129858608,0.0,0.0,-0.021431841297111783,0.27217949307259875,0.5448754248348529,0.10439843839701751,0.030451118008983393,0.020035806793107222,0.1552041639081425,0.06833338352208673
2026-02-22,spring,831537,NYM,NYY,2523,George M. Steinbrenner Field,Justin Hagenman,Luis Gil,6,4,0,0.5657678564750057,1,11.56598944678911,11.638094278427838,12.608377012523015,10.871064402966507,6.2,5.275505559280597,5.577198540695211,5.988790906093899,0.5610886132051857,0.24558130855484098,0.41159236539868793,0.8425270572667869,-0.09773447724340381,-0.07260996663558346,-0.030680980506380018,-0.0032556815445715665,0.06289985875619884,0.27217949307259875,0.5448754248348529,0.10439843839701751,0.030451118008983393,0.020035806793107222,0.1552041639081425,0.06833338352208673
2026-02-22,spring,831484,PIT,PHI,2700,BayCare Ballpark,Braxton Ashcraft,Trevor Richards,4,3,0,0.4761470461263521,0,10.251709540775572,8.350916178860107,9.322677247489171,10.871064402966507,5.656217830649946,4.812807840338037,5.176986716321101,5.074722824454471,0.49338211403964916,-0.026473089815517797,-0.1022638918666301,-0.4896416925101006,-0.09172189002238916,0.9280328552233538,0.0,0.0,-0.05440719207657398,0.27217949307259875,0.5448754248348529,0.10439843839701751,0.030451118008983393,0.020035806793107222,0.1552041639081425,0.06833338352208673
2026-02-22,spring,831744,SEA,CIN,3834,Goodyear Ballpark,Randy Dobnak,Jose Franco,14,8,0,0.40206258243492654,0,10.705278926413833,9.485349829015238,10.456600711584821,10.871064402966507,6.2,5.275505559280597,5.812325442411908,4.892953484001925,0.42464747806057673,-0.303723573230924,-0.9193719584099833,-1.435966471549701,0.0,0.18215222552313445,0.0,0.0,-0.001499562554641696,0.27217949307259875,0.5448754248348529,0.10439843839701751,0.030451118008983393,0.020035806793107222,0.1552041639081425,0.06833338352208673
2026-02-22,spring,831548,STL,HOU,5000,CACTI Park of the Palm Beaches,Kyle Leahy,Mike Burrows,6,5,0,0.3923734971835523,0,10.476012929877061,8.911926953611797,9.883435720242892,10.871064402966507,5.328535568311131,4.5339869376531885,5.959417805870208,4.5165951240068525,0.371541148345622,-0.5256109344390196,-1.4428226818633556,-0.9470747984257712,-0.46070152601042225,-0.8491808067842959,0.0,0.0,0.022603197877629193,0.27217949307259875,0.5448754248348529,0.10439843839701751,0.030451118008983393,0.020035806793107222,0.1552041639081425,0.06833338352208673
2026-02-22,spring,831596,TB,PIT,2526,LECOM Park,Jake Woodford,Mitch Keller,4,7,1,0.5798204559957576,1,10.615650883640392,9.261178906243067,10.232530604651219,10.871064402966507,6.2,5.275505559280597,4.830661193109305,5.784989690531087,0.5883229065073138,0.35703666949625523,0.9543284974217823,0.8210786403673077,-0.20791667691532967,1.2242947784573925,0.0,0.0,0.3266455051565364,0.27217949307259875,0.5448754248348529,0.10439843839701751,0.030451118008983393,0.020035806793107222,0.1552041639081425,0.06833338352208673
2026-02-22,spring,831656,TOR,BOS,4309,JetBlue Park,Fernando Perez,Brayan Bello,10,11,1,0.4672980717485854,0,10.498518022558365,8.968214999599745,9.939698451946153,10.871064402966507,5.84296776963351,4.971711121193375,5.427776048316218,5.070741974242145,0.4834118287077789,-0.06637704538863018,-0.3570340740740736,-0.5763477301254831,-0.021489664305688726,0.2568208986458511,0.0,0.0,0.0454697421283862,0.27217949307259875,0.5448754248348529,0.10439843839701751,0.030451118008983393,0.020035806793107222,0.1552041639081425,0.06833338352208673
2026-02-22,spring,831495,WSH,MIA,2520,Roger Dean Chevrolet Stadium,Mitchell Parker,Sandy Alcantara,16,8,0,0.37328261282491537,0,11.050804642932704,10.349552776181486,11.320415002881997,10.871064402966507,6.2,5.275505559280597,6.102278535109246,4.948526107823459,0.4018062686685342,-0.3979446131985177,-1.153752427285787,-1.8791174875505614,0.07060928629379845,0.01684757759615274,0.0,0.0,0.031874936095532526,0.27217949307259875,0.5448754248348529,0.10439843839701751,0.030451118008983393,0.020035806793107222,0.1552041639081425,0.06833338352208673
2026-02-23,spring,831939,ATH,SF,2532,Scottsdale Stadium,J.T. Ginn,JT Brubaker,2,6,1,0.5456386343954638,1,10.808984330831645,9.74472999046278,10.715864222629355,10.871064402966507,5.458729732238185,4.644767588553682,5.286947166575192,5.522037164256454,0.5361152339823403,0.1447129544544109,0.2350899976812615,0.6750640454404598,-0.11082753416393716,-0.3391587037275469,0.0,0.0,-0.074509469701825,0.27217949307259875,0.5448754248348529,0.10439843839701751,0.030451118008983393,0.020035806793107222,0.1552041639081425,0.06833338352208673
2026-02-23,spring,831540,ATL,BAL,2508,Ed Smith Stadium,Garrett Baumann,Cade Povich,10,7,0,0.44784989361403604,0,10.756935599811694,9.614549617213346,10.585742395079478,10.871064402966507,6.2,5.275505559280597,5.582515063673448,5.174420536138247,0.4732276613188573,-0.10719187402400261,-0.4080945275352006,-0.9293225295688513,-0.027858245226704735,0.5715533186914435,0.0,0.0,0.21215459620934043,0.27217949307259875,0.5448754248348529,0.10439843839701751,0.030451118008983393,0.020035806793107222,0.1552041639081425,0.06833338352208673
2026-02-23,spring,831955,AZ,CLE,3834,Goodyear Ballpark,Taylor Clarke,Tanner Bibee,5,9,1,0.40806524492801877,0,10.52339080192413,9.030424925531367,10.001880400360564,10.871064402966507,5.716564921305123,4.864156455215101,5.698537412982804,4.824853388941326,0.4154851890501711,-0.34133515254021957,-0.873684024041478,-1.1506773039287719,-0.29271965490639784,0.6002423631284745,0.0,0.0,0.0022783548878706535,0.27217949307259875,0.5448754248348529,0.10439843839701751,0.030451118008983393,0.020035806793107222,0.1552041639081425,0.06833338352208673
2026-02-23,spring,831652,BOS,TB,2534,Charlotte Sports Park,Connelly Early,Drew Rasmussen,1,2,1,0.4395423796009331,0,10.302650073607717,8.478324810111305,9.450028579569533,10.871064402966507,5.634527272183543,4.794351604568131,5.681720361225217,4.620929712382499,0.42475392237462667,-0.30328791527746946,-1.0607906488427181,-0.4776700384272218,-0.16886906641859636,-1.3246287714089795,0.0,0.0,-0.07285584421564499,0.27217949307259875,0.5448754248348529,0.10439843839701751,0.030451118008983393,0.020035806793107222,0.1552041639081425,0.06833338352208673
2026-02-23,spring,831927,CHC,KC,2603,Surprise Stadium,Ben Brown,Seth Lugo,3,2,0,0.4605282933158681,0,10.93967611283167,10.071606450810588,11.042593677629412,10.871064402966507,6.2,5.275505559280597,5.613149992609009,5.3265261202226615,0.48289108869745057,-0.06846237349554439,-0.2866238723863477,-0.740084885164687,0.0,0.5781739459548827,0.0,0.0,0.02757474200362013,0.27217949307259875,0.5448754248348529,0.10439843839701751,0.030451118008983393,0.020035806793107222,0.1552041639081425,0.06833338352208673
2026-02-23,spring,831912,CWS,COL,4249,Salt River Fields at Talking Stick,Shane Smith,Michael Lorenzen,4,5,1,0.4003702895446303,0,10.560668657525515,9.12366149558851,10.09507503936403,10.871064402966507,5.79320358691971,4.92936737561923,5.8134300627684485,4.747238594757066,0.40738527676773817,-0.3747851163349553,-1.0661914680113824,-1.237076987602212,-0.1660524155043569,-0.03469549349306933,0.0,0.009271838545667875,-0.08052132847369109,0.27217949307259875,0.5448754248348529,0.10439843839701751,0.030451118008983393,0.020035806793107222,0.1552041639081425,0.06833338352208673
2026-02-23,spring,831485,MIA,STL,2520,Roger Dean Chevrolet Stadium,Eury Pérez,Michael McGreevy,4,5,1,0.5708611890934419,1,10.427281436660842,8.790043406182795,9.761606987202347,10.871064402966507,5.578786520393792,4.74692246812534,4.832506921897089,5.594774514763752,0.5725190086283778,0.29213611496107067,0.7622675928666629,0.8129187961171889,-0.16150604350648415,0.774914258268662,0.0,0.0,0.06213584077865547,0.27217949307259875,0.5448754248348529,0.10439843839701751,0.030451118008983393,0.020035806793107222,0.1552041639081425,0.06833338352208673
2026-02-23,spring,831783,MIL,SD,2530,Peoria Stadium,Easton McGee,JP Sears,5,7,1,0.575337308098208,1,11.208229710693804,10.743292521192796,11.71397767228475,10.871064402966507,6.2,5.275505559280597,5.479551210612907,5.728678500080894,0.547949977972569,0.19239115979845198,0.249127289467987,1.2812058279381948,-0.16943979376288654,-1.2260438903394775,0.0,0.0,-0.027960134677521765,0.27217949307259875,0.5448754248348529,0.10439843839701751,0.030451118008983393,0.020035806793107222,0.1552041639081425,0.06833338352208673
2026-02-23,spring,831658,MIN,DET,2511,Publix Field at Joker Marchant Stadium,Mick Abel,Tarik Skubal,3,0,0,0.49607627268078625,0,9.676931800836535,6.913325304799236,7.885732897641576,10.871064402966507,5.007972319381106,4.2612235180029625,4.88788946584361,4.789042334992923,0.5025528937754885,0.010211663838752242,-0.09884713085068686,-0.11485521464631054,-0.08847511561912497,0.2081744011088219,0.0,0.0,-0.0024848029470219616,0.27217949307259875,0.5448754248348529,0.10439843839701751,0.030451118008983393,0.020035806793107222,0.1552041639081425,0.06833338352208673
2026-02-23,spring,831539,NYM,TOR,2536,TD Ballpark,Clay Holmes,José Berríos,4,3,0,0.4071331261447835,0,10.78706225515274,9.689900142772768,10.66105903343209,10.871064402966507,5.491583253876843,4.672722255657987,5.845726850906643,4.9413354042460975,0.4121838605900969,-0.3549446975513691,-0.9043914466605454,-1.1288634936658024,-0.2743727510971026,0.31093341651430656,0.0,-0.009975640502598242,0.007817371283471874,0.27217949307259875,0.5448754248348529,0.10439843839701751,0.030451118008983393,0.020035806793107222,0.1552041639081425,0.06833338352208673
2026-02-23,spring,831595,NYY,PIT,2526,LECOM Park,Ryan Yarbrough,Bubba Chandler,6,2,0,0.3718732961170405,0,11.038346291288386,10.318392883608732,11.289269123771206,10.871064402966507,6.2,5.275505559280597,6.075381228217286,4.962965063071101,0.4207884583285456,-0.319537534671028,-1.1124161651461852,-2.2043296791179863,0.3365968513665844,0.16068756343394175,0.0,0.0,0.07682482901936288,0.27217949307259875,0.5448754248348529,0.10439843839701751,0.030451118008983393,0.020035806793107222,0.1552041639081425,0.06833338352208673
2026-02-23,spring,831483,PHI,WSH,5000,CACTI Park of the Palm Beaches,Alan Rangel,Jake Irvin,5,5,0,0.5945810906190472,1,10.69939647600027,9.470637086255667,10.44189458555092,10.871064402966507,6.2,5.275505559280597,5.1656580002161725,5.533738475784099,0.5648870750931027,0.2610202491922911,0.36808047556792634,1.5515234401495128,-0.09978253818122762,-1.665799700542586,0.0,0.0,-0.008569727931205154,0.27217949307259875,0.5448754248348529,0.10439843839701751,0.030451118008983393,0.020035806793107222,0.1552041639081425,0.06833338352208673
2026-02-23,spring,831745,SEA,LAD,3809,Camelback Ranch,Logan Gilbert,Landon Knack,0,3,1,0.5070672921279752,1,10.697037227051158,9.464736310141332,10.435996463178133,10.871064402966507,5.2404228211169785,4.459012858997343,5.27199306013036,5.425044166920797,0.5630721890818513,0.2536398530473422,0.15305110679043654,-0.6653841306501533,0.653540123918192,0.06671843596375948,0.0,0.0,0.021565991700402645,0.27217949307259875,0.5448754248348529,0.10439843839701751,0.030451118008983393,0.020035806793107222,0.1552041639081425,0.06833338352208673
2026-02-23,spring,831724,TEX,LAA,2500,Tempe Diablo Stadium,Jack Leiter,Reid Detmers,6,0,0,0.6213269464132695,1,10.289555006972385,8.445572413868247,9.417290912981201,10.871064402966507,6.108486978662546,5.197638228181838,4.502321360075685,5.7872336468967,0.618303939491492,0.4823555092454285,1.2849122868210152,1.483196573348134,-0.0985871751986837,0.5975474694552789,0.0,0.0,0.010702938059343397,0.27217949307259875,0.5448754248348529,0.10439843839701751,0.030451118008983393,0.020035806793107222,0.1552041639081425,0.06833338352208673
2026-02-24,spring,831951,AZ,TEX,2603,Surprise Stadium,Michael Soroka,Jacob Latz,6,4,0,0.35109852818273335,0,10.580882558773864,9.174218985805291,10.1456097924849,10.871064402966507,5.985509978681746,5.092998575429845,6.07443943883864,4.506443119935224,0.3743435831384608,-0.5136273183830186,-1.5679963189034156,-2.085492440494672,0.008062335223366204,-0.24326031540311818,0.0,0.0,0.042979530378310614,0.27217949307259875,0.5448754248348529,0.10439843839701751,0.030451118008983393,0.020035806793107222,0.1552041639081425,0.06833338352208673
2026-02-24,spring,831651,BAL,MIN,2862,Lee Health Sports Complex,Albert Suárez,Andrew Morris,10,5,0,0.49249005010183866,0,10.205514780894596,8.23537731814959,9.207190347786733,10.871064402966507,6.2,5.275505559280597,5.072940238532768,5.132574542361827,0.5145723399588513,0.058305872152728484,0.059634303829059654,-0.3680164627189618,0.0,0.863413517289115,0.0,0.0,0.0,0.27217949307259875,0.5448754248348529,0.10439843839701751,0.030451118008983393,0.020035806793107222,0.1552041639081425,0.06833338352208673
2026-02-24,spring,831876,CLE,LAD,3809,Camelback Ranch,Gavin Williams,Gavin Stone,3,11,1,0.5514997701107119,1,10.390805318442226,8.698812081396607,9.670416691655804,10.871064402966507,5.777287427176984,4.9158245063925925,5.029305404721693,5.3614999137205315,0.5376645684071198,0.15094421687159298,0.33219450899883807,0.8038107823365244,-0.19518555760259831,-0.20035259107436834,0.0,0.0,-0.05735456080355496,0.27217949307259875,0.5448754248348529,0.10439843839701751,0.030451118008983393,0.020035806793107222,0.1552041639081425,0.06833338352208673
2026-02-24,spring,831906,CWS,SEA,2530,Peoria Stadium,Anthony Kay,George Kirby,12,10,0,0.5906810537959235,1,10.89033134108019,9.948189017212574,10.919231748250715,10.871064402966507,6.175474860941269,5.254637412918264,4.982637969072311,5.907693372007877,0.6175836835985808,0.4793047306371003,0.9250554029355662,0.6879790854152393,0.2571639195920164,0.5271459910910226,0.0,0.0,0.1840287622824442,0.27217949307259875,0.5448754248348529,0.10439843839701751,0.030451118008983393,0.020035806793107222,0.1552041639081425,0.06833338352208673
2026-02-24,spring,831594,DET,ATL,5380,CoolToday Park,Enmanuel De Jesus,Reynaldo López,1,8,1,0.590122649166857,1,10.538674404320254,9.068651122895542,10.040089406350877,10.871064402966507,6.2,5.275505559280597,5.077086911563207,5.461587492757046,0.566107730899,0.2659881219598412,0.3845005811938389,1.4121942069341236,0.0,-1.5102819040725757,0.0,0.0,-0.1871373284699706,0.27217949307259875,0.5448754248348529,0.10439843839701751,0.030451118008983393,0.020035806793107222,0.1552041639081425,0.06833338352208673
2026-02-24,spring,831593,HOU,NYM,2856,Clover Park,Jason Alexander,Jack Wenninger,6,6,0,0.6948528014577401,1,10.88241890018637,9.92839901486887,10.899450646016163,10.871064402966507,6.2,5.275505559280597,4.51309656866154,6.369322331524829,0.698747937797515,0.8413427429244104,1.8562257628632892,2.313194364070931,0.1977028913952115,0.3786229616669032,0.0,0.0,-0.024778992852886445,0.27217949307259875,0.5448754248348529,0.10439843839701751,0.030451118008983393,0.020035806793107222,0.1552041639081425,0.06833338352208673
2026-02-24,spring,831847,KC,CIN,3834,Goodyear Ballpark,Michael Wacha,Andrew Abbott,4,5,1,0.4203382589835787,0,10.386818991773708,8.688841780806516,9.660450874984512,10.871064402966507,5.332362289803031,4.537243049024855,5.664388372326892,4.722430619446818,0.41566987928143584,-0.3405747125167187,-0.9419577528800733,-0.8389591033518343,-0.285498216962107,-0.22519302033096603,0.0,0.0,-0.009599424558359548,0.27217949307259875,0.5448754248348529,0.10439843839701751,0.030451118008983393,0.020035806793107222,0.1552041639081425,0.06833338352208673
2026-02-24,spring,831825,LAA,COL,4249,Salt River Fields at Talking Stick,Jack Kochanowicz,Chase Dollander,5,7,1,0.42015522970035285,0,10.55437675188804,9.107924654203792,10.079345275270342,10.871064402966507,6.2,5.275505559280597,5.777899350050637,4.7764774018374005,0.4273604569701866,-0.29262863036398007,-1.0014219482132365,-1.0042425968130078,0.0,-0.5890765946300549,0.0,-0.00484809620246337,-0.1677272066267595,0.27217949307259875,0.5448754248348529,0.10439843839701751,0.030451118008983393,0.020035806793107222,0.1552041639081425,0.06833338352208673
2026-02-24,spring,831797,MIL,ATH,2507,Hohokam Stadium,Rob Zastryzny,Mason Barnett,10,0,0,0.42389655310149527,0,10.459419514827825,8.870424751305187,9.841952182619801,10.871064402966507,5.725396254766503,4.871670930823386,5.788196538994589,4.671222975833238,0.3924300683347838,-0.43710893094117464,-1.1169735631613502,-0.4337904893535684,-0.6013542156168385,-0.6085948999220696,0.0,0.0,0.02465173492174805,0.27217949307259875,0.5448754248348529,0.10439843839701751,0.030451118008983393,0.020035806793107222,0.1552041639081425,0.06833338352208673
2026-02-24,spring,831650,MIN,TB,2534,Charlotte Sports Park,Christian MacLeod,Joe Boyle,1,12,1,0.47135308299502504,0,10.270294115642791,8.397398520417466,9.369138684657216,10.871064402966507,6.2,5.275505559280597,5.587588878399717,4.682705237243074,0.4523204875433334,-0.1912993127667429,-0.9048836411566423,-0.0532242470718296,-0.059195640087393295,-1.94497008138181,0.0,0.0,-0.06340074059676154,0.27217949307259875,0.5448754248348529,0.10439843839701751,0.030451118008983393,0.020035806793107222,0.1552041639081425,0.06833338352208673
2026-02-24,spring,831649,NYY,TOR,2536,TD Ballpark,Will Warren,Grant Rogers,8,7,0,0.36516266978759054,0,11.089121566559706,10.445388185072078,11.416207311949506,10.871064402966507,6.142965565515127,5.226975643765215,6.12990789311387,4.959213673445836,0.3929204359832057,-0.43505272152329993,-1.170694219668034,-1.9713905509325893,0.02074180022417357,0.3000294837011651,0.0,-0.009510565162951536,-0.05958460743533646,0.27217949307259875,0.5448754248348529,0.10439843839701751,0.030451118008983393,0.020035806793107222,0.1552041639081425,0.06833338352208673
2026-02-24,spring,831489,PHI,MIA,2520,Roger Dean Chevrolet Stadium,Seth Johnson,Chris Paddack,1,6,1,0.44519266882565356,0,10.282364315402248,8.427587596675238,9.39931418405586,10.871064402966507,6.069140741504228,5.164158987397084,5.69757827582207,4.584786039580178,0.4241358678382889,-0.30581790429184735,-1.1127922362418925,-0.3275940474010487,-0.19211627194060824,-1.6605140513925938,0.0,0.0,-0.04479516973405336,0.27217949307259875,0.5448754248348529,0.10439843839701751,0.030451118008983393,0.020035806793107222,0.1552041639081425,0.06833338352208673
2026-02-24,spring,831534,PIT,BOS,4309,JetBlue Park,Carmen Mlodzinski,Ranger Suarez,16,7,0,0.46412914331056987,0,10.486612758542602,8.938438448225018,9.909935291906748,10.871064402966507,5.33535057457709,4.539785744660059,5.432074389309593,5.054538369233008,0.4604032014970895,-0.15871956066969128,-0.37753602007658493,-0.34340860194008593,-0.3202257203370325,0.45957020626695494,0.0,0.0,-0.045613798477235866,0.27217949307259875,0.5448754248348529,0.10439843839701751,0.030451118008983393,0.020035806793107222,0.1552041639081425,0.06833338352208673
2026-02-24,spring,831781,SD,CHC,4629,Sloan Park,Marco Gonzales,Shota Imanaga,5,6,1,0.4497285788589448,0,11.624237014825308,11.783778716823036,12.753995932613513,10.871064402966507,6.2,5.275505559280597,6.004652297951914,5.619584716873393,0.44949147384557686,-0.20272555841543166,-0.3850675810785207,-0.5569788802129794,-0.41775726778877953,0.6747437247065896,0.0,0.0,0.24305253137424887,0.27217949307259875,0.5448754248348529,0.10439843839701751,0.030451118008983393,0.020035806793107222,0.1552041639081425,0.06833338352208673
2026-02-24,spring,832060,SF,LAA,2500,Tempe Diablo Stadium,Logan Webb,Grayson Rodriguez,4,1,0,0.46081747274130913,0,10.760569220837022,9.623637756963433,10.594826447642795,10.871064402966507,5.937148652888497,5.051848503965899,5.552030038610265,5.208539182226757,0.4717738135221274,-0.11302491336823405,-0.3434908563835073,-0.5809376015329403,-0.1265037978060146,0.4595360531802301,0.0,0.0,-0.014722741369210427,0.27217949307259875,0.5448754248348529,0.10439843839701751,0.030451118008983393,0.020035806793107222,0.1552041639081425,0.06833338352208673
2026-02-24,spring,831491,STL,WSH,5000,CACTI Park of the Palm Beaches,Andre Pallante,Cade Cavalli,1,6,1,0.5731757623001126,1,10.875246321944228,9.910459501370166,10.881519200410809,10.871064402966507,5.768528301013219,4.908371471106886,5.24033959914146,5.63490672280277,0.5589014953741849,0.2367050248359841,0.39456712366130997,1.0661986914333725,-0.08352433232966443,-0.6770974349078931,0.0,0.0,-0.03625873806615747,0.27217949307259875,0.5448754248348529,0.10439843839701751,0.030451118008983393,0.020035806793107222,0.1552041639081425,0.06833338352208673
2026-02-25,spring,831645,BOS,MIN,2862,Lee Health Sports Complex,Johan Oviedo,Kody Funderburk,5,3,0,0.5132729634118746,1,9.952417410790792,7.602349202710345,8.57444692252722,10.871064402966507,5.210162648414816,4.433264841365883,4.868981618478237,5.083435792312556,0.5568935513595423,0.22856407943341392,0.21445417383431842,-0.4244457913553922,0.4705483602712757,0.1655787072714453,0.0,0.0,0.013400027472048688,0.27217949307259875,0.5448754248348529,0.10439843839701751,0.030451118008983393,0.020035806793107222,0.1552041639081425,0.06833338352208673
2026-02-25,spring,831901,CIN,CWS,3809,Camelback Ranch,Nick Lodolo,Davis Martin,3,2,0,0.522991696401268,1,10.435589380979618,8.81082261196092,9.782376847999288,10.871064402966507,5.4493752763510885,4.6368079943542595,5.303476472784284,5.132112908195333,0.48916435453047413,-0.043349368997529704,-0.1713635645889502,0.7479873861344616,-0.42427012898532335,-0.7075407259425399,0.0,0.0,-0.06590716497875161,0.27217949307259875,0.5448754248348529,0.10439843839701751,0.030451118008983393,0.020035806793107222,0.1552041639081425,0.06833338352208673
2026-02-25,spring,831870,COL,CHC,4629,Sloan Park,Jose Quintana,Jameson Taillon,14,7,0,0.6900440796525498,1,10.677425768334107,9.415685603895046,10.386967816385507,10.871064402966507,6.177154467606606,5.256066570063488,4.362688900968619,6.314736867365486,0.7049941483026072,0.8711943100923991,1.9520479663968668,2.0681335899842717,0.2823810326545607,0.4992298611773527,0.0,0.0,0.21891211257098958,0.27217949307259875,0.5448754248348529,0.10439843839701751,0.030451118008983393,0.020035806793107222,0.1552041639081425,0.06833338352208673
2026-02-25,spring,831591,DET,PHI,2700,BayCare Ballpark,Ty Madden,Brad Keller,3,5,1,0.5621167042889119,1,9.931576229818916,7.550222807604998,8.522343970097529,10.871064402966507,5.625826980535621,4.786948630865555,4.635607728697523,5.295968501121393,0.5866505545945402,0.35013598523674405,0.6603607724238696,0.39306791543168806,0.2804999919404097,0.10600006257675443,0.0,0.0,0.07031887674169517,0.27217949307259875,0.5448754248348529,0.10439843839701751,0.030451118008983393,0.020035806793107222,0.1552041639081425,0.06833338352208673
2026-02-25,spring,831584,HOU,MIA,2520,Roger Dean Chevrolet Stadium,Hunter Brown,Tyler Phillips,4,1,0,0.5053924299180541,1,10.248526367049315,8.342954664031952,9.314719313173526,10.871064402966507,5.6738011027697715,4.82776923547005,5.171566157265387,5.076960209783929,0.5014044107867424,0.005617657920464524,-0.09460594748145823,0.13415600230858227,-0.19153176145954334,0.026817605186319482,0.0,0.0,0.015018897884709722,0.27217949307259875,0.5448754248348529,0.10439843839701751,0.030451118008983393,0.020035806793107222,0.1552041639081425,0.06833338352208673
2026-02-25,spring,831819,LAA,SD,2530,Peoria Stadium,George Klassen,Michael King,3,7,1,0.6208371564090661,1,11.191065233884743,10.700362022142233,11.671066480262095,10.871064402966507,6.2,5.275505559280597,5.18237029894995,6.008694934934792,0.6082531317064233,0.4399752433073679,0.8263246359848422,1.6208698733842435,-0.010879665435956894,-0.5730984867692022,0.0,0.0,-0.024271457681010633,0.27217949307259875,0.5448754248348529,0.10439843839701751,0.030451118008983393,0.020035806793107222,0.1552041639081425,0.06833338352208673
2026-02-25,spring,831815,LAD,AZ,4249,Salt River Fields at Talking Stick,Roki Sasaki,Zac Gallen,10,7,0,0.466410483679322,0,10.808846382531351,9.744384964544384,10.71551935187862,10.871064402966507,5.480092141109337,4.662944605772938,5.731275752215771,5.07757063031558,0.4135975549369222,-0.34911290866465233,-0.6537051219001908,0.3468665215922475,-0.8505974891415928,-0.3502667987369047,0.0,-0.009205048534524404,-0.07496474489279752,0.27217949307259875,0.5448754248348529,0.10439843839701751,0.030451118008983393,0.020035806793107222,0.1552041639081425,0.06833338352208673
2026-02-25,spring,831490,PIT,ATL,5380,CoolToday Park,Paul Skenes,Bryce Elder,1,3,1,0.5140537361887545,1,10.768652687884888,9.643855517066697,10.61503511526246,10.871064402966507,5.589283204669474,4.755853970746368,5.487280556782062,5.281372131102826,0.4884674586047308,-0.046138348579193925,-0.20590842567923673,0.529484598992335,-0.31266046582893314,-0.7549741188207364,0.0,0.0,-0.060613442482630536,0.27217949307259875,0.5448754248348529,0.10439843839701751,0.030451118008983393,0.020035806793107222,0.1552041639081425,0.06833338352208673
2026-02-25,spring,831741,SEA,KC,2603,Surprise Stadium,Bryan Woo,Noah Cameron,8,8,0,0.4412571208491394,0,10.985088527110287,10.185188567513539,11.156124713325958,10.871064402966507,5.926537582855481,5.042819671877336,5.798008511835136,5.187080015275152,0.43673782554768925,-0.2544121202098148,-0.6109284965599846,-0.5970073681978666,-0.36069857388555415,0.28666623656136947,0.0,0.0,0.04095212518667807,0.27217949307259875,0.5448754248348529,0.10439843839701751,0.030451118008983393,0.020035806793107222,0.1552041639081425,0.06833338352208673
2026-02-25,spring,831753,SF,MIL,2518,American Family Fields of Phoenix,Adrian Houser,Carlos Rodriguez,12,13,1,0.5267843822595448,1,10.71307025556991,9.504836915785106,10.476079034475013,10.871064402966507,5.544721042097158,4.717936561652203,5.142277901259388,5.5707923543105204,0.5682566626033217,0.2747419021542839,0.42851445305113245,-0.24127355608689144,0.3406331136376975,0.7878742903128473,0.0,0.0,0.027207870236462782,0.27217949307259875,0.5448754248348529,0.10439843839701751,0.030451118008983393,0.020035806793107222,0.1552041639081425,0.06833338352208673
2026-02-25,spring,831488,STL,NYM,2856,Clover Park,Richard Fitts,Jonah Tong,6,0,0,0.5667671461226145,1,11.1443605939556,10.583547887785613,11.55430488043924,10.871064402966507,6.036129310031154,5.136069956710631,5.41819824206509,5.72616235189051,0.5263796678827752,0.10561674078334776,0.30796410982542,1.36611956564516,-0.5581212747826318,-0.30750841854088784,0.0,0.0,0.01071873177673424,0.27217949307259875,0.5448754248348529,0.10439843839701751,0.030451118008983393,0.020035806793107222,0.1552041639081425,0.06833338352208673
2026-02-25,spring,831653,TB,BAL,2508,Ed Smith Stadium,Brody Hopkins,Trevor Rogers,3,4,1,0.5147287729623315,1,10.764896752953344,9.634461454969362,10.6056452779336,10.871064402966507,6.2,5.275505559280597,5.276167983134154,5.4887287698191916,0.49759541162956833,-0.009618427634428894,0.21256078668503786,0.4212407097907914,-0.6595029186487564,1.0816765264696222,0.0,0.0,0.3467477766083937,0.27217949307259875,0.5448754248348529,0.10439843839701751,0.030451118008983393,0.020035806793107222,0.1552041639081425,0.06833338352208673
2026-02-25,spring,831730,TEX,CLE,3834,Goodyear Ballpark,Nathan Eovaldi,Slade Cecconi,11,4,0,0.5958280636660864,1,10.173006721338307,8.154070603389712,9.125920198896008,10.871064402966507,6.127471869278947,5.213792243663961,4.50734900980186,5.665657711536448,0.6095099570836257,0.44525281460523647,1.1583087017345877,0.9348151365659001,-0.022274384833127006,0.9820870860474662,0.0,0.0,0.20676202901808485,0.27217949307259875,0.5448754248348529,0.10439843839701751,0.030451118008983393,0.020035806793107222,0.1552041639081425,0.06833338352208673
2026-02-25,spring,831647,TOR,DET,2511,Publix Field at Joker Marchant Stadium,Cody Ponce,Casey Mize,4,4,0,0.4439260382240357,0,10.254209396686065,8.35716863053608,9.328926887265405,10.871064402966507,5.607202882401546,4.771101609374765,5.375123804447468,4.879085592238597,0.47940568984017895,-0.0824238725118337,-0.49603821220887134,-1.1156487361271858,0.16349829757735992,0.5062663551626314,0.0,0.0,0.07061556785667925,0.27217949307259875,0.5448754248348529,0.10439843839701751,0.030451118008983393,0.020035806793107222,0.1552041639081425,0.06833338352208673
2026-02-25,spring,831538,WSH,NYY,2523,George M. Steinbrenner Field,Andrew Alvarez,Ryan Weathers,0,7,1,0.5842161328649594,1,11.510360070519942,11.498958264457055,12.469303571850096,10.871064402966507,6.2,5.275505559280597,5.426903153968529,6.083456916551413,0.5738094601447447,0.2974108673177916,0.6565537625828846,1.1424479314785745,-0.23072902313966587,0.36033781783679225,-0.026635494244759084,-0.008386705679454239,0.04642638949298244,0.27217949307259875,0.5448754248348529,0.10439843839701751,0.030451118008983393,0.020035806793107222,0.1552041639081425,0.06833338352208673
2026-03-09,spring,831943,ATH,CIN,3834,Goodyear Ballpark,Jack Perkins,Rhett Lowder,9,7,0,0.48538353804099765,0,10.536076321734267,9.062152994043046,10.033594199885911,10.871064402966507,6.2,5.275505559280597,5.307140230649161,5.228936091085107,0.5053747802570886,0.021499949182117135,-0.07820413956405403,-0.4210265514377375,0.0,0.4875503244228275,0.0,0.0,0.10864313215678649,0.27217949307259875,0.5448754248348529,0.10439843839701751,0.030451118008983393,0.020035806793107222,0.1552041639081425,0.06833338352208673
2026-03-09,spring,831570,BAL,STL,2520,Roger Dean Chevrolet Stadium,Trey Gibson,Matthew Liberatore,2,7,1,0.5431730963643311,1,10.578692220655775,9.168740676763601,10.14013394718968,10.871064402966507,6.2,5.275505559280597,5.0963622642259825,5.482329956429792,0.5517895356338849,0.2079037889159919,0.3859676922038098,0.39552098678255593,0.0,0.21122523592663542,0.0,0.0,0.06356864843466314,0.27217949307259875,0.5448754248348529,0.10439843839701751,0.030451118008983393,0.020035806793107222,0.1552041639081425,0.06833338352208673
2026-03-09,spring,831881,CLE,KC,2603,Surprise Stadium,Parker Messick,Ryan Bergert,6,2,0,0.5847742437407502,1,10.553327749064007,9.105300967199394,10.076722768210256,10.871064402966507,5.866945149215489,4.992113185593652,4.897642982461623,5.655684766602384,0.5937550917649136,0.3795107309259163,0.7580417841407607,0.8721875447888111,0.1532696341036916,-0.029192032430078424,0.0,0.0,-0.04303667266409897,0.27217949307259875,0.5448754248348529,0.10439843839701751,0.030451118008983393,0.020035806793107222,0.1552041639081425,0.06833338352208673
2026-03-09,spring,831865,COL,CWS,3809,Camelback Ranch,Kyle Freeland,Jedixson Paez,3,12,1,0.6167501809698506,1,10.661112358402054,9.374883729338077,10.346184291555378,10.871064402966507,6.2,5.275505559280597,4.781121467100423,5.87999089130163,0.6266414824842286,0.5178354478457804,1.0988694242012071,1.237076987602212,0.19235754926081222,0.1708020605170429,0.0,0.0,-0.06344734942891397,0.27217949307259875,0.5448754248348529,0.10439843839701751,0.030451118008983393,0.020035806793107222,0.1552041639081425,0.06833338352208673
2026-03-09,spring,831816,LAA,SF,2532,Scottsdale Stadium,José Soriano,Robbie Ray,2,0,0,0.5491178730087265,1,10.9278897971298,10.0421274040166,11.013127888374743,10.871064402966507,6.2,5.275505559280597,5.311981140295216,5.615908656834585,0.5492786991862272,0.1977567712869734,0.30392751653936934,0.5809376015329403,0.0,-0.1913252335427723,0.0,0.0,-0.056196034305573996,0.27217949307259875,0.5448754248348529,0.10439843839701751,0.030451118008983393,0.020035806793107222,0.1552041639081425,0.06833338352208673
2026-03-09,spring,831802,LAD,MIL,2518,American Family Fields of Phoenix,Emmet Sheehan,Aaron Ashby,4,3,0,0.5149096266631757,1,10.45392536064453,8.856683185886478,9.828216797161561,10.871064402966507,5.35786526806168,4.558943227021906,5.175124949024863,5.278800411619667,0.5225992007202611,0.09045843551784473,0.10367546259480331,0.0842346998917583,-0.030239310573611455,0.1868779778781901,0.0,0.0,-0.02470950320597556,0.27217949307259875,0.5448754248348529,0.10439843839701751,0.030451118008983393,0.020035806793107222,0.1552041639081425,0.06833338352208673
2026-03-09,spring,831468,MIA,NYM,2856,Clover Park,Tyler Phillips,Zach Thornton,0,9,1,0.6688915049793254,1,10.89764587651246,9.966483583363559,10.937518086831393,10.871064402966507,6.2,5.275505559280597,4.695613567707451,6.20203230880501,0.6599822538359166,0.6632151356832182,1.5064187410975594,2.1790383617623488,0.01221199664140112,0.11442730417715963,0.0,0.0,-0.10829511805610624,0.27217949307259875,0.5448754248348529,0.10439843839701751,0.030451118008983393,0.020035806793107222,0.1552041639081425,0.06833338352208673
2026-03-09,spring,831569,MIN,ATL,5380,CoolToday Park,Zebby Matthews,Carlos Carrasco,8,9,1,0.5789335762762989,1,10.619610672271872,9.271082831889927,10.242430076229919,10.871064402966507,6.187480810924767,5.264853131608972,5.137587479404083,5.482023192867789,0.5534389118151734,0.21457517236521578,0.3444357134637066,1.2973389922878131,-0.09132447457275583,-1.1178585627219313,0.0,0.0,-0.26032890630075506,0.27217949307259875,0.5448754248348529,0.10439843839701751,0.030451118008983393,0.020035806793107222,0.1552041639081425,0.06833338352208673
2026-03-09,spring,831515,PHI,BOS,4309,JetBlue Park,Bryse Wilson,Garrett Crochet,3,5,1,0.5402686062241768,1,10.196452102702843,8.212710428745696,9.184533652307346,10.871064402966507,5.784344930965621,4.921829651629947,4.941495280208507,5.254956822494335,0.5646185754426919,0.2599279305065372,0.313461542285828,0.14623309057001466,0.31842885426898954,-0.29040835663505105,0.0,0.0,0.05545611655374584,0.27217949307259875,0.5448754248348529,0.10439843839701751,0.030451118008983393,0.020035806793107222,0.1552041639081425,0.06833338352208673
2026-03-09,spring,831517,PIT,NYY,2523,George M. Steinbrenner Field,José Urquidy,Max Fried,5,3,0,0.6916554661765393,1,10.985158778824953,10.185364275821069,11.156300342612624,10.871064402966507,6.2,5.275505559280597,4.613455719530758,6.3717030592941954,0.6995496939420991,0.8451544642279484,1.7582473397634377,2.2043296791179863,0.28518995061458247,0.06934645890582325,-0.03021411955989839,-0.007880107536067221,0.09853489885857951,0.27217949307259875,0.5448754248348529,0.10439843839701751,0.030451118008983393,0.020035806793107222,0.1552041639081425,0.06833338352208673
2026-03-09,spring,831748,SEA,AZ,4249,Salt River Fields at Talking Stick,Bryan Woo,Zac Gallen,1,2,1,0.4570576079086117,0,11.24788938687495,10.842486321830018,11.813126862737617,10.871064402966507,6.2,5.275505559280597,5.905844488433108,5.342044898441841,0.44546854179233747,-0.21899690658997414,-0.5637995899912669,-0.3185176090579058,-0.31664730170839683,-0.2473954168078844,0.0,-0.005150380749100542,-0.013995168900071941,0.27217949307259875,0.5448754248348529,0.10439843839701751,0.030451118008983393,0.020035806793107222,0.1552041639081425,0.06833338352208673
2026-03-09,spring,831516,STL,HOU,5000,CACTI Park of the Palm Beaches,Richard Fitts,Cristian Javier,3,10,1,0.4319296033716975,0,10.448136052600894,8.842203403820564,9.813743527052475,10.871064402966507,5.996557658287662,5.102398913361806,5.657831866852428,4.790304185748465,0.4450494194565641,-0.22069373475722912,-0.8675276811039625,-0.9470747984257712,0.032554440818939594,-0.5041927832300354,0.0,0.0,0.023491925828635043,0.27217949307259875,0.5448754248348529,0.10439843839701751,0.030451118008983393,0.020035806793107222,0.1552041639081425,0.06833338352208673
2026-03-09,spring,831626,TB,DET,2511,Publix Field at Joker Marchant Stadium,Shane McClanahan,Framber Valdez,4,4,0,0.5393345189097518,1,10.317077235306783,8.514408942387165,9.486096483817201,10.871064402966507,6.2,5.275505559280597,4.802590358499495,5.514486876807288,0.5780908917276117,0.3149412008365296,0.7118965183077925,-0.061630967574480944,0.13303417152639324,1.3077709266719149,0.0,0.0,0.3502883441004249,0.27217949307259875,0.5448754248348529,0.10439843839701751,0.030451118008983393,0.020035806793107222,0.1552041639081425,0.06833338352208673
2026-03-09,spring,831725,TEX,SD,2530,Peoria Stadium,Trey Supak,Randy Vásquez,4,1,0,0.7256192905816001,1,10.85616094916082,9.862724601712456,10.833805768452292,10.871064402966507,6.2,5.275505559280597,4.387548262820151,6.46861268634067,0.7097227471777782,0.8940378863629923,2.0810644235205187,3.1040664467323777,-0.07420599503113935,-0.016177361986573324,0.0,0.0,0.14795469866312172,0.27217949307259875,0.5448754248348529,0.10439843839701751,0.030451118008983393,0.020035806793107222,0.1552041639081425,0.06833338352208673
2026-03-10,spring,831513,ATL,TOR,2536,TD Ballpark,JR Ritchie,Dylan Cease,0,7,1,0.5297893456064312,1,10.972640316428802,10.154054038754666,11.125004186622244,10.871064402966507,6.2,5.275505559280597,5.212479646596995,5.760160669831809,0.5715809979618539,0.2883045084882112,0.5476810232348139,-0.21150387716873206,0.16293071506953438,1.188046343484148,0.0,-0.0049999999999999975,0.4177155743962138,0.27217949307259875,0.5448754248348529,0.10439843839701751,0.030451118008983393,0.020035806793107222,0.1552041639081425,0.06833338352208673
2026-03-10,spring,831956,AZ,LAD,3809,Camelback Ranch,Brandon Pfaadt,Tyler Glasnow,1,4,1,0.49770238088524865,0,10.730890705137375,9.549408084586055,10.520630158393677,10.871064402966507,5.613067291281221,4.776091564479059,5.390430179581866,5.340460525555508,0.5160924632183088,0.06439209295311456,-0.049969654026358334,-0.25811906009718394,0.09708085005447395,0.10665891612590662,0.0,0.0,0.014699545436049937,0.27217949307259875,0.5448754248348529,0.10439843839701751,0.030451118008983393,0.020035806793107222,0.1552041639081425,0.06833338352208673
2026-03-10,spring,831617,BAL,HOU,5000,CACTI Park of the Palm Beaches,Levi Wells,Lance McCullers Jr.,6,7,1,0.5071321279654302,1,10.65112639202149,9.349907580924777,10.321219375603967,10.871064402966507,6.2,5.275505559280597,5.3717385538318965,5.279387838189594,0.5043471382264957,0.017388991061994413,-0.09235071564230246,0.1377542751769366,-0.14757305864624087,-0.17173082593823777,0.0,0.0,0.06378103255113701,0.27217949307259875,0.5448754248348529,0.10439843839701751,0.030451118008983393,0.020035806793107222,0.1552041639081425,0.06833338352208673
2026-03-10,spring,831920,CHC,TEX,2603,Surprise Stadium,Cade Horton,Jacob deGrom,3,8,1,0.3443560969867668,0,10.8183007638082,9.768031552258329,10.739155305070742,10.871064402966507,5.898486545738806,5.018951381191432,6.217936973977246,4.600363789830954,0.36284322943508845,-0.5630448667842822,-1.6175731841462921,-2.1015712293646907,-0.034639457223585884,-0.36393315808389076,0.0,0.0,-0.01614271178838421,0.27217949307259875,0.5448754248348529,0.10439843839701751,0.030451118008983393,0.020035806793107222,0.1552041639081425,0.06833338352208673
2026-03-10,spring,831898,CIN,COL,4249,Salt River Fields at Talking Stick,Brandon Williamson,Ryan Feltner,8,1,0,0.4552018655121549,0,10.524705861676555,9.033714054124154,10.005168049741627,10.871064402966507,6.2,5.275505559280597,5.5864292849892365,4.938276576687317,0.46032244328043087,-0.15904463645089537,-0.6481527083019198,-0.5664553688850148,0.0,-0.4973255125587969,0.0,-0.0070710678118654745,-0.13619997591999985,0.27217949307259875,0.5448754248348529,0.10439843839701751,0.030451118008983393,0.020035806793107222,0.1552041639081425,0.06833338352208673
2026-03-10,spring,831918,CWS,ATH,2507,Hohokam Stadium,Shane Smith,Jeffrey Springs,7,11,1,0.46722558903233874,0,10.666797233212353,9.389102310851564,10.360396478581121,10.871064402966507,5.744959156124388,4.888316768705512,5.552480744556322,5.114316488656032,0.47116568849019036,-0.1154653596508543,-0.43816425590028985,-0.41165166045846807,-0.10555768539513552,-0.1458539052922862,0.0,0.0,0.006360046593866887,0.27217949307259875,0.5448754248348529,0.10439843839701751,0.030451118008983393,0.020035806793107222,0.1552041639081425,0.06833338352208673
2026-03-10,spring,831625,DET,BOS,4309,JetBlue Park,Ty Madden,Sonny Gray,7,2,0,0.5314272535683215,1,10.438715090893634,8.818640402621751,9.790191122784325,10.871064402966507,5.989559345847734,5.096444133332383,5.0767317782374715,5.361983312656163,0.5380964540841573,0.15268173256561596,0.2852515344186912,0.28741505540134304,-0.07369675411468758,0.36676838909166803,0.0,0.0,0.05145073363054502,0.27217949307259875,0.5448754248348529,0.10439843839701751,0.030451118008983393,0.020035806793107222,0.1552041639081425,0.06833338352208673
2026-03-10,spring,831836,KC,SEA,2530,Peoria Stadium,Cole Ragans,Cooper Criswell,3,4,1,0.520635337579354,1,10.691941545562965,9.451991374672321,10.423257259457653,10.871064402966507,5.81286198264614,4.9460944685129915,5.312137586018897,5.379803959544068,0.5078528784120563,0.03141409679825511,0.0676663735251708,0.42990022365318037,-0.27139468251202664,0.031497943128758865,0.0,0.0,-0.0601875270484364,0.27217949307259875,0.5448754248348529,0.10439843839701751,0.030451118008983393,0.020035806793107222,0.1552041639081425,0.06833338352208673
2026-03-10,spring,831618,MIN,TB,2534,Charlotte Sports Park,Joe Ryan,Steven Matz,6,5,0,0.42406583257251945,0,10.296448886062315,8.462814865998723,9.434525610706027,10.871064402966507,5.666756710014658,4.8217752462537025,5.740501053769025,4.55594783229329,0.40274528550130007,-0.39403936363296427,-1.1845532214757348,-0.5689095982161696,-0.34593198617858667,-0.9833080799035219,0.0,0.0,-0.10554842574980364,0.27217949307259875,0.5448754248348529,0.10439843839701751,0.030451118008983393,0.020035806793107222,0.1552041639081425,0.06833338352208673
2026-03-10,spring,831573,NYY,PHI,2700,BayCare Ballpark,Luis Gil,Tanner Banks,4,2,0,0.403008482179947,0,10.651056741457396,9.349733376169866,10.321045249193732,10.871064402966507,5.551107275824713,4.723370531254233,5.669585184517771,4.981471556939624,0.48514295713186006,-0.0594456709875325,-0.6881136275781472,-2.3081996811789653,0.8008009952605446,0.5825050998832737,0.0,0.0,0.02136643279167105,0.27217949307259875,0.5448754248348529,0.10439843839701751,0.030451118008983393,0.020035806793107222,0.1552041639081425,0.06833338352208673
2026-03-10,spring,831771,SD,LAA,2500,Tempe Diablo Stadium,Walker Buehler,Mitch Farris,10,2,0,0.4176660340717573,0,10.966957861424568,10.139841509478199,11.110798049111663,10.871064402966507,6.040608412126027,5.139881170904515,5.879136990460347,5.0878208709642205,0.4299780454765839,-0.2819407264416407,-0.7913161194961269,-1.1044090897001437,-0.11478229802507552,0.1299731605971616,0.0,0.0,-0.004533031631309171,0.27217949307259875,0.5448754248348529,0.10439843839701751,0.030451118008983393,0.020035806793107222,0.1552041639081425,0.06833338352208673
2026-03-10,spring,831758,SF,CLE,3834,Goodyear Ballpark,Carson Seymour,Tanner Bibee,5,4,0,0.4560202471262368,0,10.443743517553978,8.831217125371246,9.802762189435185,10.871064402966507,5.312372334449943,4.520233836025664,5.496384048158681,4.947359469395296,0.440278159855515,-0.24003323763863763,-0.5490245787633858,-0.27435512229436976,-0.46861008679704985,0.2522928529939521,0.0,0.0,-0.03026750494535252,0.27217949307259875,0.5448754248348529,0.10439843839701751,0.030451118008983393,0.020035806793107222,0.1552041639081425,0.06833338352208673
2026-03-10,spring,831473,STL,NYM,2856,Clover Park,Jared Shuster,David Peterson,1,6,1,0.5402819591625476,1,11.092837316657057,10.454681739883037,11.425496687192885,10.871064402966507,6.2,5.275505559280597,5.496295656094958,5.5965416605620995,0.5104280812734249,0.04171837467497362,0.1002460044671416,0.8964629044133992,-0.4429112336416404,-0.29802050622250453,0.0,0.0,0.011794105774621836,0.27217949307259875,0.5448754248348529,0.10439843839701751,0.030451118008983393,0.020035806793107222,0.1552041639081425,0.06833338352208673
2026-03-10,spring,831471,WSH,MIA,2520,Roger Dean Chevrolet Stadium,Foster Griffin,Eury Pérez,7,5,0,0.37572180540465183,0,10.833227430403994,9.805365008631464,10.776471971560229,10.871064402966507,6.2,5.275505559280597,6.017981894407097,4.815245535996897,0.4038075918843544,-0.3896249405725509,-1.2027363584102,-1.8417563368975225,0.06079381160793922,-0.051012333701124624,0.0,0.0,0.10006520253378796,0.27217949307259875,0.5448754248348529,0.10439843839701751,0.030451118008983393,0.020035806793107222,0.1552041639081425,0.06833338352208673
2026-03-11,spring,831950,ATH,AZ,4249,Salt River Fields at Talking Stick,Luis Morales,Ryne Nelson,13,3,0,0.456211369916115,0,10.847833039200722,9.841895459373179,10.812985993552045,10.871064402966507,5.826979589875978,4.958106971000854,5.618551964965075,5.229281074235646,0.4703144191422157,-0.11888213890582475,-0.38927089072942866,-0.6771719212352455,-0.09299367944493359,0.3901615389612617,0.0,-0.00974370064785235,0.04658203583498015,0.27217949307259875,0.5448754248348529,0.10439843839701751,0.030451118008983393,0.020035806793107222,0.1552041639081425,0.06833338352208673
2026-03-11,spring,831861,COL,SEA,2530,Peoria Stadium,Chase Dollander,Luis Castillo,11,7,0,0.6466943781412064,1,10.503791966598644,8.981405791963095,9.952883312046849,10.871064402966507,6.0795358820663274,5.173004087691416,4.481975951961355,6.021816014637288,0.6642548738601303,0.6823136030401962,1.5398400626759328,1.4846370161664901,0.2269598587277862,0.5201542792745777,0.0,0.0,0.20569245264218475,0.27217949307259875,0.5448754248348529,0.10439843839701751,0.030451118008983393,0.020035806793107222,0.1552041639081425,0.06833338352208673
2026-03-11,spring,831619,DET,MIN,2862,Lee Health Sports Complex,Tanner Rainey,Taj Bradley,1,2,1,0.5267333073989723,1,10.372797158923948,8.653771426577833,9.62539629286011,10.871064402966507,5.482950707320648,4.665376925440574,5.072145226058312,5.300651932865637,0.5427928523545964,0.171591194454097,0.228506706807325,0.10522416121489508,0.09600474319067462,0.14658963060466532,0.0,0.0,0.045125067167614615,0.27217949307259875,0.5448754248348529,0.10439843839701751,0.030451118008983393,0.020035806793107222,0.1552041639081425,0.06833338352208673
2026-03-11,spring,831561,HOU,MIA,2520,Roger Dean Chevrolet Stadium,Tatsuya Imai,Max Meyer,4,1,0,0.4381336909961849,0,10.647485178865033,9.340800452307043,10.312116342712821,10.871064402966507,6.2,5.275505559280597,5.690186666916931,4.9572985119481014,0.4491057156046257,-0.20428462258384877,-0.7328881549688298,-0.8448016121896379,0.0,-0.28187011807503215,0.0,0.0,-0.08539417411038944,0.27217949307259875,0.5448754248348529,0.10439843839701751,0.030451118008983393,0.020035806793107222,0.1552041639081425,0.06833338352208673
2026-03-11,spring,831849,KC,CHC,4629,Sloan Park,Mitch Spence,Colin Rea,8,9,1,0.6049741564928696,1,10.773777417490933,9.656673105504382,10.627846939277575,10.871064402966507,5.620348126789889,4.7822867399955395,4.85971245068944,5.914064966801493,0.6413904368543955,0.5814041485303911,1.0543525161120533,0.7186477615181075,0.5105188198147163,0.2230337987335262,0.0,0.0,0.10319338120181558,0.27217949307259875,0.5448754248348529,0.10439843839701751,0.030451118008983393,0.020035806793107222,0.1552041639081425,0.06833338352208673
2026-03-11,spring,831824,LAA,CWS,3809,Camelback Ranch,Alek Manoah,Anthony Kay,8,4,0,0.5475099994588337,1,10.822529927455683,9.778609218444874,10.749728214189451,10.871064402966507,6.2,5.275505559280597,5.290472512484144,5.53205741497154,0.5442626295387702,0.177515203619973,0.2415849024873955,0.6095944516546629,0.0,-0.37765750419324196,0.0,0.0,-0.11153331592897497,0.27217949307259875,0.5448754248348529,0.10439843839701751,0.030451118008983393,0.020035806793107222,0.1552041639081425,0.06833338352208673
2026-03-11,spring,831793,MIL,CIN,3834,Goodyear Ballpark,Robert Gasser,Andrew Abbott,3,6,1,0.5196406591006879,1,10.568639062956636,9.143596474475409,10.115001052941832,10.871064402966507,5.390201831643307,4.586458020722374,5.195206518954008,5.373432544002627,0.5327675874016599,0.13125847753105652,0.17822602504861873,0.06421972766208531,0.03406296013837261,0.27227493768283173,0.0,0.0,-0.00991820746207154,0.27217949307259875,0.5448754248348529,0.10439843839701751,0.030451118008983393,0.020035806793107222,0.1552041639081425,0.06833338352208673
2026-03-11,spring,831507,PIT,BAL,2508,Ed Smith Stadium,Noah Davis,Kyle Bradish,2,7,1,0.5109271874400155,1,10.548174662469957,9.092412454395058,10.063840051725132,10.871064402966507,6.051732818779505,5.149346794960018,5.30749704578302,5.2406776166869395,0.5226833728808423,0.09079581596344713,-0.06681942909608019,-0.01669857581610046,0.1247065954619364,-0.4130109293340265,0.0,0.0,0.01401753128640959,0.27217949307259875,0.5448754248348529,0.10439843839701751,0.030451118008983393,0.020035806793107222,0.1552041639081425,0.06833338352208673
2026-03-11,spring,831762,SF,KC,2603,Surprise Stadium,Tyler Mahle,Bailey Falter,5,2,0,0.5118298011954864,1,10.634300681265827,9.307824378060147,10.279155098714812,10.871064402966507,6.050060400633999,5.14792375444001,5.313413031708656,5.320887649557172,0.5205326005104686,0.08217661569830063,0.0074746178485165515,0.03519079701576963,0.07456058665939658,-0.15457298396436236,0.0,0.0,-0.1303060033624897,0.27217949307259875,0.5448754248348529,0.10439843839701751,0.030451118008983393,0.020035806793107222,0.1552041639081425,0.06833338352208673
2026-03-11,spring,831465,STL,WSH,5000,CACTI Park of the Palm Beaches,Dustin May,Cade Cavalli,1,3,1,0.5985106096273176,1,11.01468257434811,10.25920697372414,11.230109831420513,10.871064402966507,6.2,5.275505559280597,5.144564777490642,5.8701177968574685,0.5918955025337086,0.3718068404612414,0.7255530193668269,1.2590505841571924,-0.04923038037254156,-0.22795412178660956,0.0,0.0,0.0735043807084852,0.27217949307259875,0.5448754248348529,0.10439843839701751,0.030451118008983393,0.020035806793107222,0.1552041639081425,0.06833338352208673
2026-03-11,spring,831574,TB,ATL,5380,CoolToday Park,Nick Martinez,Spencer Strider,3,5,1,0.5452873629335355,1,10.833804044761965,9.806807193116473,10.777913507455152,10.871064402966507,6.2,5.275505559280597,5.3338800683300525,5.499923976431912,0.5358723426073957,0.14373632784971388,0.16604390810185965,0.6694633383539885,-0.032916938766927556,-0.5769037440284743,0.0,0.0,-0.1845811738424016,0.27217949307259875,0.5448754248348529,0.10439843839701751,0.030451118008983393,0.020035806793107222,0.1552041639081425,0.06833338352208673
2026-03-11,spring,831620,TOR,NYY,2523,George M. Steinbrenner Field,Eric Lauer,Cam Schlittler,1,8,1,0.5627722815160302,1,10.762982733024192,9.629674252209536,10.600860228110717,10.871064402966507,5.5277716197488145,4.703514501680384,5.134860596425201,5.628122136598991,0.5626401989970966,0.2518841460937533,0.49326154017378965,0.7436398890518094,-0.04316756630256802,0.042591409352053175,-0.029680460008347453,-0.00974370064785235,0.00850963018224324,0.27217949307259875,0.5448754248348529,0.10439843839701751,0.030451118008983393,0.020035806793107222,0.1552041639081425,0.06833338352208673
2026-03-12,spring,831936,ATH,TEX,2603,Surprise Stadium,J.T. Ginn,Jack Leiter,6,7,1,0.39283993694398006,0,10.782728625742248,9.67906119467303,10.650224959905863,10.871064402966507,5.6328224130147415,4.792900960370906,5.907075621088466,4.875653004653783,0.4191490762153419,-0.3262674912258412,-1.031422616434683,-1.6021591400661932,0.10851216755442614,-0.11541868415315473,0.0,0.0,-0.036095005768897244,0.27217949307259875,0.5448754248348529,0.10439843839701751,0.030451118008983393,0.020035806793107222,0.1552041639081425,0.06833338352208673
2026-03-12,spring,831466,ATL,PIT,2526,LECOM Park,Grant Holmes,Bubba Chandler,2,5,1,0.5210636511737475,1,10.605817763774084,9.23658504604095,10.20794780498545,10.871064402966507,6.2,5.275505559280597,4.978256401187678,5.627561362586406,0.5815548194332427,0.3291593489044714,0.6493049613987285,-0.5671398245902979,0.3365968513665844,1.5333765685256109,0.0,0.0,0.462,0.27217949307259875,0.5448754248348529,0.10439843839701751,0.030451118008983393,0.020035806793107222,0.1552041639081425,0.06833338352208673
2026-03-12,spring,831622,BOS,MIN,2862,Lee Health Sports Complex,Connelly Early,Bailey Ober,5,8,1,0.5039683093089904,1,10.222592545013505,8.27809093793819,9.249884758084004,10.871064402966507,5.119754301145984,4.356337464168772,5.123612607737274,5.098979937276231,0.5080736093214113,0.03229724446309761,-0.02463267046104356,0.007745415938987588,-0.1349302154438316,0.32621304835390513,0.0,0.0,0.008503271780899182,0.27217949307259875,0.5448754248348529,0.10439843839701751,0.030451118008983393,0.020035806793107222,0.1552041639081425,0.06833338352208673
2026-03-12,spring,831894,CIN,LAD,3809,Camelback Ranch,Nick Lodolo,Cole Irvin,5,9,1,0.450466585592569,0,10.379857462908216,8.671430128142996,9.643047052820783,10.871064402966507,5.617808911740486,4.78012615239726,5.48776853617838,4.892088926729835,0.43998018741335543,-0.24124246542988081,-0.5956796094485446,-0.40950625955317116,-0.360548117757272,0.08130640345384021,0.0,0.0,-0.06540478861505411,0.27217949307259875,0.5448754248348529,0.10439843839701751,0.030451118008983393,0.020035806793107222,0.1552041639081425,0.06833338352208673
2026-03-12,spring,831869,COL,AZ,4249,Salt River Fields at Talking Stick,Sean Sullivan,Taylor Clarke,13,2,0,0.5679553754242248,1,10.662313048969068,9.377886806322048,10.349186017972913,10.871064402966507,6.2,5.275505559280597,4.922741606366878,5.739571442602191,0.6012305538644201,0.41059505740381236,0.8168298362353132,0.3388781286779762,0.23922527668564877,0.7383746284591826,0.0,-0.009902680687415703,0.2757095640722075,0.27217949307259875,0.5448754248348529,0.10439843839701751,0.030451118008983393,0.020035806793107222,0.1552041639081425,0.06833338352208673
2026-03-12,spring,831908,CWS,SF,2532,Scottsdale Stadium,Ryan Borucki,Trevor McDonald,3,3,0,0.5084017416226078,1,10.685273139044519,9.435312857587679,10.406586243161538,10.871064402966507,6.049067618880763,5.147079008366082,5.193187570613489,5.492085568431029,0.5576550440243849,0.2316505494694738,0.2988979978175399,-0.5572658777298785,0.3447940776623096,0.8511774975211838,0.0,0.0,0.24652746424072855,0.27217949307259875,0.5448754248348529,0.10439843839701751,0.030451118008983393,0.020035806793107222,0.1552041639081425,0.06833338352208673
2026-03-12,spring,831839,KC,SD,2530,Peoria Stadium,Kris Bubic,Germán Márquez,10,1,0,0.5662427804123371,1,11.265999996858358,10.88778321805043,11.858403387696136,10.871064402966507,6.2,5.275505559280597,5.314289278581537,5.951710718276822,0.5547323385299423,0.21981013670108648,0.6374214396952853,0.9446203919426183,-0.4518653132128489,0.8891734017773187,0.0,0.0,0.30767501622926513,0.27217949307259875,0.5448754248348529,0.10439843839701751,0.030451118008983393,0.020035806793107222,0.1552041639081425,0.06833338352208673
2026-03-12,spring,831791,MIL,CLE,3834,Goodyear Ballpark,DL Hall,Slade Cecconi,0,1,1,0.5224408152259608,1,10.77604474997228,9.662343987059383,10.633515270480942,10.871064402966507,5.448683925543891,4.636219732253165,5.225125674464344,5.550919075507934,0.5705457267535822,0.2840780474835099,0.32579340104358945,-0.3814120357918335,0.5193061245812349,0.30427559648626695,0.0,0.0,0.03114707767675995,0.27217949307259875,0.5448754248348529,0.10439843839701751,0.030451118008983393,0.020035806793107222,0.1552041639081425,0.06833338352208673
2026-03-12,spring,831472,NYM,STL,2520,Roger Dean Chevrolet Stadium,Sean Manaea,Michael McGreevy,1,3,1,0.34509466104379627,0,10.894117593666326,9.957658907548439,10.928697379716056,10.871064402966507,5.786570119419134,4.923723037768166,6.327065734164214,4.5670518595021115,0.3494351455214685,-0.6215230115579903,-1.7600138746621026,-1.8811006120994316,-0.12441402125333445,-0.9205074972281633,0.0,0.0,-0.09000851381394676,0.27217949307259875,0.5448754248348529,0.10439843839701751,0.030451118008983393,0.020035806793107222,0.1552041639081425,0.06833338352208673
2026-03-12,spring,831621,NYY,DET,2511,Publix Field at Joker Marchant Stadium,Will Warren,Justin Verlander,4,3,0,0.38874324355377,0,10.636974962075367,9.314513088181172,10.285840800738661,10.871064402966507,5.597208476320696,4.7625974892390825,5.8370029793498155,4.799971982725552,0.423069858410854,-0.31018387209108744,-1.0370309966242637,-1.7694430834810002,0.15152000336399132,0.2116829288380318,0.0,0.0,-0.010115885430493727,0.27217949307259875,0.5448754248348529,0.10439843839701751,0.030451118008983393,0.020035806793107222,0.1552041639081425,0.06833338352208673
2026-03-12,spring,831754,SEA,CHC,4629,Sloan Park,Emerson Hancock,Edward Cabrera,4,7,1,0.47715717189380946,0,10.939536272128006,10.071256691755153,11.042244075870258,10.871064402966507,5.482163506599185,4.66470710579826,5.666565405531817,5.272970866596189,0.4629005117693504,-0.1486711904640787,-0.3935945389356279,-0.05100984104924866,-0.32730908258766445,-0.21261045834948616,0.0,0.0,-0.01663528849248506,0.27217949307259875,0.5448754248348529,0.10439843839701751,0.030451118008983393,0.020035806793107222,0.1552041639081425,0.06833338352208673
2026-03-12,spring,831564,TOR,PHI,2700,BayCare Ballpark,CJ Van Eyk,Jesús Luzardo,5,8,1,0.5172046442003942,1,10.126194133853474,8.036986478721783,9.008888730183923,10.871064402966507,5.567933793331498,4.737688012972035,4.831023904774362,5.295170229079113,0.576916254450609,0.31012697690097685,0.46414632430475056,-0.6004447870343816,0.5550809167367544,0.8855903437566415,0.0,0.0,0.06648115359694456,0.27217949307259875,0.5448754248348529,0.10439843839701751,0.030451118008983393,0.020035806793107222,0.1552041639081425,0.06833338352208673
2026-03-12,spring,831510,WSH,HOU,5000,CACTI Park of the Palm Beaches,Jake Irvin,Mike Burrows,3,2,0,0.45180971878833665,0,11.083507409540292,10.431346477580917,11.40217191940097,10.871064402966507,5.469505232771682,4.653936332580859,5.744879411507154,5.338627998033137,0.4568247867904697,-0.17313202547560735,-0.40625141347401694,-0.6042890388906841,-0.2804200873102613,0.6276384925072181,0.0,0.0,0.06623025264178709,0.27217949307259875,0.5448754248348529,0.10439843839701751,0.030451118008983393,0.020035806793107222,0.1552041639081425,0.06833338352208673
2026-03-13,spring,831935,ATH,MIL,2518,American Family Fields of Phoenix,Gage Jump,Kyle Harrison,13,4,0,0.3891630738143891,0,10.920857652100423,10.02453913151256,10.995547525801301,10.871064402966507,6.2,5.275505559280597,5.959538367735322,4.961319284365102,0.4137265085372758,-0.34858124155278997,-0.9982190833702207,-1.6224230148759642,-0.03392993915848761,0.3648592961449579,0.0,0.0,0.03268274379426882,0.27217949307259875,0.5448754248348529,0.10439843839701751,0.030451118008983393,0.020035806793107222,0.1552041639081425,0.06833338352208673
2026-03-13,spring,831958,AZ,KC,2603,Surprise Stadium,Merrill Kelly,Michael Wacha,11,5,0,0.5714726376302715,1,10.803377733835248,9.730707191532858,10.701847730138358,10.871064402966507,6.2,5.275505559280597,5.055597808103487,5.747779925731762,0.5957647046169695,0.387848675465587,0.692182117628275,0.5035709604185893,0.22984735765443687,0.20363508188044788,0.0,0.0,0.23167060151601726,0.27217949307259875,0.5448754248348529,0.10439843839701751,0.030451118008983393,0.020035806793107222,0.1552041639081425,0.06833338352208673
2026-03-13,spring,831565,BAL,PHI,2700,BayCare Ballpark,Cade Povich,Andrew Painter,8,11,1,0.5094256508680972,1,10.333525488944485,8.555548077883792,9.527217117911453,10.871064402966507,5.893137121220682,5.014399620097187,4.982327644240148,5.351197844704337,0.5377386156222361,0.151242099385399,0.3688702004641886,-0.25928923063274545,0.027858245226704735,1.3271219045836853,0.0,0.0,-0.0015901660221945182,0.27217949307259875,0.5448754248348529,0.10439843839701751,0.030451118008983393,0.020035806793107222,0.1552041639081425,0.06833338352208673
2026-03-13,spring,831933,CHC,CWS,3809,Camelback Ranch,Riley Martin,Davis Martin,2,4,1,0.4766066104859481,0,11.116025274934852,10.512677717966316,11.483466582887369,10.871064402966507,6.191511273791165,5.268282604069965,5.744385054190777,5.371640220744076,0.4801520391752956,-0.07943358376415095,-0.37274483344670095,-0.2983943286371181,-0.0637220112280513,-0.34245303089808987,0.0,0.0,0.025269743468831006,0.27217949307259875,0.5448754248348529,0.10439843839701751,0.030451118008983393,0.020035806793107222,0.1552041639081425,0.06833338352208673
2026-03-13,spring,831891,CIN,SF,2532,Scottsdale Stadium,Chase Burns,Landen Roupp,6,1,0,0.4261468147210644,0,10.655148981090132,9.359968578304024,10.33127584827557,10.871064402966507,6.093988120036767,5.18530132345869,5.7934726586901375,4.861676322399997,0.41910946733575327,-0.3264301828045917,-0.9317963362901409,-0.7386389476550945,-0.22974347416277782,-0.4716184386728681,0.0,0.0,-0.12437417850139881,0.27217949307259875,0.5448754248348529,0.10439843839701751,0.030451118008983393,0.020035806793107222,0.1552041639081425,0.06833338352208673
2026-03-13,spring,831879,CLE,LAA,2500,Tempe Diablo Stadium,Joey Cantillo,Grayson Rodriguez,2,5,1,0.5126044203088397,1,10.364803067643589,8.633777206425414,9.605411064659215,10.871064402966507,5.572020299656887,4.741165172139394,5.195017331944802,5.169785735698786,0.5053634712963306,0.021454708122334704,-0.025231596246015897,0.2613984190385053,-0.17948651504947083,-0.0958396054780799,0.0,0.0,-0.06586594095166177,0.27217949307259875,0.5448754248348529,0.10439843839701751,0.030451118008983393,0.020035806793107222,0.1552041639081425,0.06833338352208673
2026-03-13,spring,831567,HOU,STL,2520,Roger Dean Chevrolet Stadium,Kai-Wei Teng,Kyle Leahy,4,5,1,0.44587499814905684,0,10.533881925264598,9.056664534557468,10.028108208711739,10.871064402966507,5.911219401490637,5.029785615272771,5.658932386516507,4.8749495387480914,0.45660611997586387,-0.17401329718188704,-0.7839828477684154,-0.7511778676941352,0.08049890051893331,-0.8287191364091107,0.0,0.0,0.0306927437013541,0.27217949307259875,0.5448754248348529,0.10439843839701751,0.030451118008983393,0.020035806793107222,0.1552041639081425,0.06833338352208673
2026-03-13,spring,831801,LAD,SEA,2530,Peoria Stadium,Landon Knack,Kade Anderson,10,7,0,0.4853185870108143,0,10.574725765801833,9.158820078062252,10.130217810054821,10.871064402966507,5.800853017525612,4.935876184278386,5.595214914115851,4.9795108516859825,0.43987131417371866,-0.24168433710021073,-0.6157040624298684,0.4669291159348232,-0.5584103132941063,-1.0581507412695172,0.0,0.0,-0.14415147422231694,0.27217949307259875,0.5448754248348529,0.10439843839701751,0.030451118008983393,0.020035806793107222,0.1552041639081425,0.06833338352208673
2026-03-13,spring,831462,MIA,NYM,2856,Clover Park,Chris Paddack,Kodai Senga,1,0,0,0.6828431191583687,1,10.604577611286274,9.233483269867245,10.204847423765926,10.871064402966507,5.939323609657353,5.053699148566753,4.392054565817082,6.212523045469192,0.6867980624971314,0.7851921577112877,1.82046847965211,2.1529636482729804,0.19211627194060824,0.28252208243160504,0.0,0.0,-0.02131437474376985,0.27217949307259875,0.5448754248348529,0.10439843839701751,0.030451118008983393,0.020035806793107222,0.1552041639081425,0.06833338352208673
2026-03-13,spring,831623,MIN,TOR,2536,TD Ballpark,Mick Abel,Cody Ponce,1,6,1,0.4721019809251594,0,10.398228830325419,8.7173792112543,9.688975471363785,10.871064402966507,5.586941472965616,4.753861419355715,5.475768922596052,4.922459907729366,0.4454782737108448,-0.21895751039284567,-0.5533090148666862,0.05805510387660334,-0.45305276398273636,-0.4363982179996656,0.0,0.008090169943749474,-0.06982922198253629,0.27217949307259875,0.5448754248348529,0.10439843839701751,0.030451118008983393,0.020035806793107222,0.1552041639081425,0.06833338352208673
2026-03-13,spring,831464,NYM,WSH,5000,CACTI Park of the Palm Beaches,Carl Edwards Jr.,Zack Littell,8,3,0,0.46909470480510523,0,11.101373696822439,10.47603229222796,11.446837637606334,10.871064402966507,6.2,5.275505559280597,5.812932318944066,5.288441377878374,0.4627410404223419,-0.14931262244978258,-0.5244909410656922,-0.2506767443547878,-0.17174878648108852,-0.5096241198630349,0.0,0.0,-0.016953678433150977,0.27217949307259875,0.5448754248348529,0.10439843839701751,0.030451118008983393,0.020035806793107222,0.1552041639081425,0.06833338352208673
2026-03-13,spring,831563,NYY,ATL,5380,CoolToday Park,Ryan Weathers,Didier Fuentes,6,7,1,0.39689195542072386,0,11.111268224324107,10.500779740591309,11.471573956360507,10.871064402966507,6.2,5.275505559280597,6.212258252629506,4.899009971694602,0.4033560792798623,-0.391500744500654,-1.3132482809349044,-1.271166566020077,0.1968664946706742,-1.5094669640191718,0.0,0.0,-0.4093342339326913,0.27217949307259875,0.5448754248348529,0.10439843839701751,0.030451118008983393,0.020035806793107222,0.1552041639081425,0.06833338352208673
2026-03-13,spring,831512,PIT,DET,2511,Publix Field at Joker Marchant Stadium,Mike Clevinger,Casey Mize,7,5,0,0.5242917264105752,1,10.142797055543834,8.078512458324507,9.050396034409824,10.871064402966507,5.728234714374883,4.874086142024,4.981654359406036,5.161142696137798,0.5441431051798916,0.17703334014245817,0.17948833673176168,0.025587691770570298,0.16349829757735992,0.016182973145643403,0.0,0.0,0.07061556785667925,0.27217949307259875,0.5448754248348529,0.10439843839701751,0.030451118008983393,0.020035806793107222,0.1552041639081425,0.06833338352208673
2026-03-13,spring,831778,SD,ATH,2507,Hohokam Stadium,Michael King,Aaron Civale,13,9,0,0.5753606721142979,1,11.14121944878103,10.575691491611433,11.546452017502817,10.871064402966507,5.720185166455851,4.8672368783471365,5.279751497738239,5.8614679510427905,0.5782633366498059,0.3156482659014619,0.5817164533045514,0.8479945815361067,0.007174117574411064,0.07047857817424844,0.0,0.0,0.03377031294510528,0.27217949307259875,0.5448754248348529,0.10439843839701751,0.030451118008983393,0.020035806793107222,0.1552041639081425,0.06833338352208673
2026-03-13,spring,831759,SF,CIN,3834,Goodyear Ballpark,Carson Whisenhunt,Brady Singer,0,1,1,0.5642582932618525,1,10.771778416713598,9.651673355035543,10.622849437334235,10.871064402966507,6.127313172248088,5.213657210265809,5.090887548150658,5.680890868562941,0.5657194665604549,0.2644075975188871,0.5900033204122836,0.7386389476550945,-0.13420116176990438,0.4756030140247869,0.0,0.0,0.11921421607550677,0.27217949307259875,0.5448754248348529,0.10439843839701751,0.030451118008983393,0.020035806793107222,0.1552041639081425,0.06833338352208673
2026-03-13,spring,831616,TB,BOS,4309,JetBlue Park,Drew Rasmussen,Johan Oviedo,6,7,1,0.5480734666529825,1,10.39054377824648,8.698157936720364,9.66976284116644,10.871064402966507,5.3674552183528945,4.567103200582314,4.945327086421863,5.4452166918246165,0.5604918454320984,0.24315842252164763,0.4998896054027533,0.3994142376021693,0.033457522276707105,0.4066076153619137,0.0,0.0,0.03500738896205261,0.27217949307259875,0.5448754248348529,0.10439843839701751,0.030451118008983393,0.020035806793107222,0.1552041639081425,0.06833338352208673
2026-03-13,spring,831731,TEX,COL,4249,Salt River Fields at Talking Stick,Jacob Latz,Jose Quintana,9,4,0,0.5205576666977753,1,10.870124637433214,9.897649529095265,10.868714989133279,10.871064402966507,6.149721771869116,5.232724418632975,5.457543154341438,5.412581483091778,0.5217141450872298,0.0869112465343583,-0.04496167124966011,0.23811729567389883,0.10359503546328999,-0.5610224243709583,0.0,-0.005735764363510461,-0.28346137107708813,0.27217949307259875,0.5448754248348529,0.10439843839701751,0.030451118008983393,0.020035806793107222,0.1552041639081425,0.06833338352208673
2026-03-14,spring,831953,AZ,SF,2532,Scottsdale Stadium,Zac Gallen,Adrian Houser,8,7,0,0.46586511612963766,0,10.617895268842162,9.266792393787462,10.238141567655644,10.871064402966507,5.791517248462001,4.927932490472702,5.454100350151212,5.1637949186909475,0.4886105026111828,-0.045565871758781275,-0.2903054314602649,-0.6834721161835853,0.0712865101764136,0.38050769936368184,0.0,0.0,-0.04148624711867697,0.27217949307259875,0.5448754248348529,0.10439843839701751,0.030451118008983393,0.020035806793107222,0.1552041639081425,0.06833338352208673
2026-03-14,spring,831562,BAL,PIT,2526,LECOM Park,Trevor Rogers,Carmen Mlodzinski,6,8,1,0.5177186186333714,1,10.657040451077755,9.364699380845288,10.336004523244627,10.871064402966507,5.322491467264639,4.528844084641636,5.1634026710098055,5.4936377800679494,0.5804018235121271,0.32442313214648283,0.3302351090581439,-0.6355244159933802,0.6846099508213953,0.4199106988730717,0.0,0.0,0.07861453371464026,0.27217949307259875,0.5448754248348529,0.10439843839701751,0.030451118008983393,0.020035806793107222,0.1552041639081425,0.06833338352208673
2026-03-14,spring,831566,BOS,ATL,5380,CoolToday Park,Brayan Bello,Bryce Elder,1,10,1,0.48138575510809456,0,10.81369773376792,9.756518799555625,10.72764772997004,10.871064402966507,5.755292243146076,4.8971090683873575,5.65463356720864,5.15906416655928,0.4712809294503391,-0.11500286384086247,-0.4955694006493596,-0.05858356320829071,-0.12489606449579262,-0.8356694864417706,0.0,0.0,-0.07793358708329512,0.27217949307259875,0.5448754248348529,0.10439843839701751,0.030451118008983393,0.020035806793107222,0.1552041639081425,0.06833338352208673
2026-03-14,spring,831928,CHC,COL,4249,Salt River Fields at Talking Stick,Ben Brown,Kyle Freeland,3,4,1,0.42296912743954973,0,11.0441725251804,10.332965021830706,11.303834708501244,10.871064402966507,6.086142556977723,5.178625628050034,5.99858226299028,5.04559026219012,0.41312934801935747,-0.35104370591237477,-0.95299200080016,-0.7375745968390484,-0.27743452572224947,-0.7153735695593039,0.0,-0.009455185755993169,0.047783326967080327,0.27217949307259875,0.5448754248348529,0.10439843839701751,0.030451118008983393,0.020035806793107222,0.1552041639081425,0.06833338352208673
2026-03-14,spring,831877,CLE,SD,2530,Peoria Stadium,Logan Allen,Nick Pivetta,5,8,1,0.5984747555373995,1,10.823603035162332,9.781293194769574,10.752410983456071,10.871064402966507,5.986808496711818,5.094103468830888,5.086109135693783,5.737493899468549,0.5917013664579557,0.37100320743719684,0.6513847637747663,1.260926518610968,0.09277004524951551,-0.7457612928580073,0.0,0.0,-0.08518018985628381,0.27217949307259875,0.5448754248348529,0.10439843839701751,0.030451118008983393,0.020035806793107222,0.1552041639081425,0.06833338352208673
2026-03-14,spring,831860,COL,MIL,2518,American Family Fields of Phoenix,Zach Agnos,Jacob Misiorowski,4,8,1,0.4671111377172466,0,10.43710598368698,8.814615824641542,9.786168354767687,10.871064402966507,5.373624395772839,4.572352479578298,5.373808270675457,5.063297713011521,0.4529859525585705,-0.18861336777462023,-0.3105105576639353,-0.16840360870438995,-0.5547532902092873,0.916045876040757,0.0,0.0,-0.02882053298494147,0.27217949307259875,0.5448754248348529,0.10439843839701751,0.030451118008983393,0.020035806793107222,0.1552041639081425,0.06833338352208673
2026-03-14,spring,831614,DET,TOR,2536,TD Ballpark,Tarik Skubal,Max Scherzer,6,1,0,0.5251640523345936,1,10.32113664736901,8.524562038669785,9.496245013972764,10.871064402966507,5.329770456170628,4.53503768890607,5.1759869126490585,5.14514973471995,0.4878684294013414,-0.04853580823406252,-0.030837177929108783,0.8219272224430724,-0.559548195995117,-0.3026100422293025,0.0,0.007660444431189781,-0.02743697540200502,0.27217949307259875,0.5448754248348529,0.10439843839701751,0.030451118008983393,0.020035806793107222,0.1552041639081425,0.06833338352208673
2026-03-14,spring,831850,KC,ATH,2507,Hohokam Stadium,Ryan Bergert,Jacob Lopez,1,12,1,0.6254899925695782,1,11.345055013950528,11.085509683818719,12.056040930426562,10.871064402966507,6.2,5.275505559280597,5.156634593349613,6.188420420600915,0.6265544054041539,0.5174632805656166,1.0317858272513014,1.4731061817906985,0.1569655085446245,0.0746079886426032,0.0,0.0,-0.29081051230035376,0.27217949307259875,0.5448754248348529,0.10439843839701751,0.030451118008983393,0.020035806793107222,0.1552041639081425,0.06833338352208673
2026-03-14,spring,831809,LAD,CWS,3809,Camelback Ranch,Justin Wrobleski,Mike Vasil,2,7,1,0.48003551060166355,0,10.73737271952779,9.565620411692151,10.53683519436972,10.871064402966507,5.240173708896665,4.4588008924000615,5.652679943658731,5.084692775869061,0.46109397918436756,-0.1559393156720032,-0.5679871677896697,0.045538589333322055,-0.24666253687405987,-1.0472909884646464,0.0,0.0,0.045543423455974924,0.27217949307259875,0.5448754248348529,0.10439843839701751,0.030451118008983393,0.020035806793107222,0.1552041639081425,0.06833338352208673
2026-03-14,spring,831459,MIA,WSH,5000,CACTI Park of the Palm Beaches,,Alex Clemmey,4,1,0,0.6632546932878064,1,10.325189184816228,8.534697940682149,9.50637635759081,10.871064402966507,6.2,5.275505559280597,4.398615268106917,5.926573916709311,0.6534411299021093,0.6341997412233206,1.5279586486023948,2.1194061695439506,0.0,-0.07714217868637827,0.0,0.0,-0.0189364516825415,0.27217949307259875,0.5448754248348529,0.10439843839701751,0.030451118008983393,0.020035806793107222,0.1552041639081425,0.06833338352208673
2026-03-14,spring,831508,NYM,HOU,5000,CACTI Park of the Palm Beaches,Freddy Peralta,Ryan Weiss,2,8,1,0.5258340406254235,1,10.607116994573804,9.239834584447177,10.21119588198475,10.871064402966507,5.063040955243263,4.30808075907277,5.131953538184729,5.475163456389075,0.5770086312307573,0.3105054511644371,0.3432099182043462,-0.38488444098783914,0.58984022824208,0.19265756107633228,0.0,0.0,0.03496765856955915,0.27217949307259875,0.5448754248348529,0.10439843839701751,0.030451118008983393,0.020035806793107222,0.1552041639081425,0.06833338352208673
2026-03-14,spring,831514,PHI,NYY,2523,George M. Steinbrenner Field,Bryse Wilson,Max Fried,6,4,0,0.6162089046654141,1,10.616659554902533,9.2637017189768,10.235052282806574,10.871064402966507,5.115333431307282,4.352575799102493,4.7307411512401405,5.885918403662392,0.6543864601340653,0.6383768805550182,1.1551772524222512,0.8232410199860121,0.6616687890572177,-0.071714429341664,-0.03074979231917352,0.008090169943749474,-0.04053848773103094,0.27217949307259875,0.5448754248348529,0.10439843839701751,0.030451118008983393,0.020035806793107222,0.1552041639081425,0.06833338352208673
2026-03-14,spring,831770,SD,TEX,2603,Surprise Stadium,Marco Gonzales,Nathan Eovaldi,2,22,1,0.44976168315984766,0,11.028402904528047,10.293523232140606,11.264410656870357,10.871064402966507,6.2,5.275505559280597,5.755913894648513,5.272489009879534,0.4657842168199037,-0.13707737284224683,-0.48342488476897927,-0.7783616870062342,0.0,0.04500292813207071,0.0,0.0,0.011243883977930963,0.27217949307259875,0.5448754248348529,0.10439843839701751,0.030451118008983393,0.020035806793107222,0.1552041639081425,0.06833338352208673
2026-03-14,spring,831747,SEA,LAA,2500,Tempe Diablo Stadium,Logan Gilbert,Walbert Urena,2,6,1,0.4974602742201769,0,10.734990214868564,9.55966147014393,10.530878932721647,10.871064402966507,5.242683667503723,4.460936586042819,5.290571464517437,5.444418750351125,0.5348935810254413,0.13980157572570032,0.15384728583368812,-0.5205520361977672,0.23041030392584505,0.8016684315703169,0.0,0.0,0.025217989190662114,0.27217949307259875,0.5448754248348529,0.10439843839701751,0.030451118008983393,0.020035806793107222,0.1552041639081425,0.06833338352208673
2026-03-14,spring,831460,STL,MIA,2520,Roger Dean Chevrolet Stadium,Andre Pallante,,7,7,0,0.387390854470321,0,10.065486933387245,7.88515019259614,8.857120729018353,10.871064402966507,5.796646597406478,4.932296991903683,5.711327555262111,4.354159378125134,0.4003175811674565,-0.4041420281279299,-1.3571681771369768,-1.477579032680976,-0.03429395195712287,-0.4275540656611122,0.0,0.0,-0.04501677633548285,0.27217949307259875,0.5448754248348529,0.10439843839701751,0.030451118008983393,0.020035806793107222,0.1552041639081425,0.06833338352208673
2026-03-14,spring,831613,TB,MIN,2862,Lee Health Sports Complex,Jake Woodford,Simeon Woods Richardson,9,6,0,0.6362184679113924,1,10.320692130293263,8.523450245976623,9.4951337212834,10.871064402966507,5.099624965533156,4.3392096541800464,4.318938416457129,6.001753713836133,0.6938752751892326,0.8182996092800262,1.6828152973790038,0.7758796845783547,0.822479302641701,0.8169277003864854,0.0,0.0,0.03448973752313184,0.27217949307259875,0.5448754248348529,0.10439843839701751,0.030451118008983393,0.020035806793107222,0.1552041639081425,0.06833338352208673
2026-03-14,spring,831728,TEX,CIN,3834,Goodyear Ballpark,Austin Gomber,Rhett Lowder,3,4,1,0.5173590803779159,1,10.790586250239087,9.698714094365439,10.669869021147958,10.871064402966507,5.819934792245002,4.9521126372804956,5.356384188696473,5.434202061542614,0.5231359726991297,0.09261002413269724,0.07781787284614072,0.13835709099475602,-0.10178964151010231,0.20825260012978009,0.0,0.0,0.13105386559495594,0.27217949307259875,0.5448754248348529,0.10439843839701751,0.030451118008983393,0.020035806793107222,0.1552041639081425,0.06833338352208673
